<?xml version="1.0" encoding="UTF-8"?>
<metadata xml:lang="en"><Esri><CreaDate>20180822</CreaDate><CreaTime>16115500</CreaTime><SyncOnce>FALSE</SyncOnce><DataProperties><lineage><Process Name="Remove Spatial Index (20)" ToolSource="C:\Program Files\ArcGIS\ArcToolbox\Toolboxes\Data Management Tools.tbx\RemoveSpatialIndex" Date="20070617" Time="082114">RemoveSpatialIndex "Database Connections\arcgisprd.sde\GISDBA.GasNetwork\GISDBA.DistributionMain" "Database Connections\arcgisprd.sde\GISDBA.GasNetwork\GISDBA.DistributionMain"</Process><Process Name="Add Spatial Index (20)" ToolSource="C:\Program Files\ArcGIS\ArcToolbox\Toolboxes\Data Management Tools.tbx\AddSpatialIndex" Date="20070617" Time="082234">AddSpatialIndex "Database Connections\arcgisprd.sde\GISDBA.GasNetwork\GISDBA.DistributionMain" 239.364999999991 0 0 "Database Connections\arcgisprd.sde\GISDBA.GasNetwork\GISDBA.DistributionMain"</Process><Process Name="AssignDomainToField_2" ToolSource="C:\Program Files\ArcGIS\ArcToolbox\Toolboxes\Data Management Tools.tbx\AssignDomainToField" Date="20081107" Time="121542">AssignDomainToField "Database Connections\gisdba@gnis-prd.wng.com.au.sde\GISDBA.GasNetwork\GISDBA.DistributionMain" ACTUAL_MATERIAL ActualMaterial # "Database Connections\gisdba@gnis-prd.wng.com.au.sde\GISDBA.GasNetwork\GISDBA.DistributionMain"</Process><Process Name="AssignDefaultToField_2" ToolSource="C:\Program Files\ArcGIS\ArcToolbox\Toolboxes\Data Management Tools.tbx\AssignDefaultToField" Date="20090723" Time="103458">AssignDefaultToField "Database Connections\gisdba@gnis-prd.wng.com.au.sde\GISDBA.GasNetwork\GISDBA.DistributionMain" STATUS E # "Database Connections\gisdba@gnis-prd.wng.com.au.sde\GISDBA.GasNetwork\GISDBA.DistributionMain"</Process><Process ToolSource="c:\program files (x86)\arcgis\desktop10.2\ArcToolbox\Toolboxes\Data Management Tools.tbx\CalculateField" Date="20140822" Time="083102">CalculateField ER\DistributionMain STATUS "E" VB #</Process><Process ToolSource="c:\program files (x86)\arcgis\desktop10.2\ArcToolbox\Toolboxes\Data Management Tools.tbx\CalculateField" Date="20141020" Time="082844">CalculateField ER\DistributionMain STATUS "E" VB #</Process><Process ToolSource="c:\program files (x86)\arcgis\desktop10.2\ArcToolbox\Toolboxes\Data Management Tools.tbx\CalculateField" Date="20141029" Time="142553">CalculateField ER\DistributionMain DIST_LEVEL "MP" VB #</Process><Process ToolSource="c:\program files (x86)\arcgis\desktop10.2\ArcToolbox\Toolboxes\Data Management Tools.tbx\CalculateField" Date="20141029" Time="142707">CalculateField ER\DistributionMain STATUS "A" VB #</Process><Process ToolSource="c:\program files (x86)\arcgis\desktop10.2\ArcToolbox\Toolboxes\Data Management Tools.tbx\CalculateField" Date="20141029" Time="142718">CalculateField ER\DistributionMain STATUS "E" VB #</Process><Process ToolSource="c:\program files (x86)\arcgis\desktop10.2\ArcToolbox\Toolboxes\Data Management Tools.tbx\CalculateField" Date="20141029" Time="142910">CalculateField ER\DistributionMain NOMINALDIAMETER 63 VB #</Process><Process ToolSource="c:\program files (x86)\arcgis\desktop10.2\ArcToolbox\Toolboxes\Data Management Tools.tbx\CalculateField" Date="20141029" Time="142927">CalculateField ER\DistributionMain NOMINALDIAMETER "63mm" VB #</Process><Process ToolSource="c:\program files (x86)\arcgis\desktop10.2\ArcToolbox\Toolboxes\Data Management Tools.tbx\CalculateField" Date="20141124" Time="074537">CalculateField SDE\ER\DistributionMain STATUS "E" VB #</Process><Process ToolSource="c:\program files (x86)\arcgis\desktop10.2\ArcToolbox\Toolboxes\Data Management Tools.tbx\CalculateField" Date="20141205" Time="093036">CalculateField ER\DistributionMain STATUS "E" VB #</Process><Process ToolSource="c:\program files (x86)\arcgis\desktop10.2\ArcToolbox\Toolboxes\Data Management Tools.tbx\CalculateField" Date="20141205" Time="164254">CalculateField "Distribution Main" TAG [TAG] VB #</Process><Process ToolSource="c:\program files (x86)\arcgis\desktop10.2\ArcToolbox\Toolboxes\Data Management Tools.tbx\CalculateField" Date="20141205" Time="165430">CalculateField "Distribution Main" TAG [TAG] VB #</Process><Process ToolSource="c:\program files (x86)\arcgis\desktop10.2\ArcToolbox\Toolboxes\Data Management Tools.tbx\CalculateField" Date="20141212" Time="115912">CalculateField "Distribution Main" UPDATEDATE [UPDATEDATE] VB #</Process><Process ToolSource="c:\program files (x86)\arcgis\desktop10.2\ArcToolbox\Toolboxes\Data Management Tools.tbx\CalculateField" Date="20141215" Time="085047">CalculateField "Existing Gas Network" UPDATEDATE [UPDATEDATE] VB #</Process><Process ToolSource="c:\program files (x86)\arcgis\desktop10.2\ArcToolbox\Toolboxes\Data Management Tools.tbx\CalculateField" Date="20141222" Time="091352">CalculateField ER\DistributionMain STATUS "E" VB #</Process><Process ToolSource="c:\program files (x86)\arcgis\desktop10.2\ArcToolbox\Toolboxes\Data Management Tools.tbx\CalculateField" Date="20141222" Time="114402">CalculateField "Distribution Main" DIST_LEVEL "PEHP" VB #</Process><Process ToolSource="c:\program files (x86)\arcgis\desktop10.2\ArcToolbox\Toolboxes\Data Management Tools.tbx\CalculateField" Date="20141222" Time="120230">CalculateField "Distribution Main" JOB_CODE null VB #</Process><Process ToolSource="c:\program files (x86)\arcgis\desktop10.2\ArcToolbox\Toolboxes\Data Management Tools.tbx\CalculateField" Date="20141223" Time="074217">CalculateField "ER\Distribution Main" STATUS "E" VB #</Process><Process ToolSource="c:\program files (x86)\arcgis\desktop10.2\ArcToolbox\Toolboxes\Data Management Tools.tbx\CalculateField" Date="20150116" Time="091948">CalculateField "ER\Distribution Main" STATUS "E" VB #</Process><Process ToolSource="c:\program files (x86)\arcgis\desktop10.2\ArcToolbox\Toolboxes\Data Management Tools.tbx\CalculateField" Date="20150224" Time="070414">CalculateField "SDE\ER\Distribution Main" STATUS "E" VB #</Process><Process ToolSource="c:\program files (x86)\arcgis\desktop10.2\ArcToolbox\Toolboxes\Data Management Tools.tbx\CalculateField" Date="20150804" Time="081319">CalculateField SDE\ER\DistributionMain STATUS "E" VB #</Process><Process ToolSource="c:\program files (x86)\arcgis\desktop10.2\ArcToolbox\Toolboxes\Data Management Tools.tbx\CalculateField" Date="20150818" Time="071223">CalculateField SDE\ER\DistributionMain DIST_LEVEL "AMP" VB #</Process><Process ToolSource="c:\program files (x86)\arcgis\desktop10.2\ArcToolbox\Toolboxes\Data Management Tools.tbx\CalculateField" Date="20150915" Time="072656">CalculateField "SDE\ER\Distribution Main" STATUS "E" VB #</Process><Process ToolSource="c:\program files (x86)\arcgis\desktop10.2\ArcToolbox\Toolboxes\Data Management Tools.tbx\CalculateField" Date="20151006" Time="104218">CalculateField SDE\ER\DistributionMain STATUS "E" VB #</Process><Process ToolSource="c:\program files (x86)\arcgis\desktop10.2\ArcToolbox\Toolboxes\Data Management Tools.tbx\CalculateField" Date="20151106" Time="073608">CalculateField "SDE\ER\Distribution Main" STATUS "E" VB #</Process><Process ToolSource="c:\program files (x86)\arcgis\desktop10.2\ArcToolbox\Toolboxes\Data Management Tools.tbx\CalculateField" Date="20151110" Time="071207">CalculateField "SDE\ER\Distribution Main" STATUS "E" VB #</Process><Process ToolSource="c:\program files (x86)\arcgis\desktop10.2\ArcToolbox\Toolboxes\Data Management Tools.tbx\CalculateField" Date="20160329" Time="085136">CalculateField SDE\GAS\Gas_Network\DistributionMain STATUS "E" VB #</Process><Process ToolSource="c:\program files (x86)\arcgis\desktop10.2\ArcToolbox\Toolboxes\Data Management Tools.tbx\CalculateField" Date="20160331" Time="140415">CalculateField SDE\GAS\Gas_Network\DistributionMain STATUS "E" VB #</Process><Process ToolSource="c:\program files (x86)\arcgis\desktop10.2\ArcToolbox\Toolboxes\Data Management Tools.tbx\CalculateField" Date="20160427" Time="084139">CalculateField "SDE\Gas\Gas_Network\Distribution Main" STATUS "E" VB #</Process><Process ToolSource="c:\program files (x86)\arcgis\desktop10.2\ArcToolbox\Toolboxes\Data Management Tools.tbx\CalculateField" Date="20161221" Time="091602">CalculateField "SDE\Gas\Gas_Network\Distribution Main" STATUS "E" VB #</Process><Process ToolSource="c:\program files (x86)\arcgis\desktop10.2\ArcToolbox\Toolboxes\Data Management Tools.tbx\CalculateField" Date="20170802" Time="095436">CalculateField "Gas\Gas Network\Distribution Main" ACTUAL_MATERIAL 84 VB #</Process><Process ToolSource="c:\program files (x86)\arcgis\desktop10.2\ArcToolbox\Toolboxes\Data Management Tools.tbx\CalculateField" Date="20170802" Time="095713">CalculateField "Gas\Gas Network\Distribution Main" PIPETYPE 1 VB #</Process><Process ToolSource="c:\program files (x86)\arcgis\desktop10.2\ArcToolbox\Toolboxes\Data Management Tools.tbx\CalculateField" Date="20170802" Time="100037">CalculateField "Gas\Gas Network\Distribution Main" PIPETYPE "P" VB #</Process><Process ToolSource="c:\program files (x86)\arcgis\desktop10.2\ArcToolbox\Toolboxes\Data Management Tools.tbx\CalculateField" Date="20171025" Time="080302">CalculateField "Gas\Gas Network\Distribution Main" STATUS "E" VB #</Process><Process ToolSource="c:\program files (x86)\arcgis\desktop10.2\ArcToolbox\Toolboxes\Data Management Tools.tbx\CalculateField" Date="20171101" Time="170642">CalculateField "Gas\Gas Network\Distribution Main" JOB_CODE Replace( [JOB_CODE], "ME ", "ME" ) VB #</Process><Process ToolSource="c:\program files (x86)\arcgis\desktop10.2\ArcToolbox\Toolboxes\Data Management Tools.tbx\CalculateField" Date="20171101" Time="170655">CalculateField "Gas\Gas Network\Distribution Main" JOB_CODE Replace( [JOB_CODE], "ME ", "ME" ) VB #</Process><Process ToolSource="c:\program files (x86)\arcgis\desktop10.2\ArcToolbox\Toolboxes\Data Management Tools.tbx\CalculateField" Date="20180122" Time="083459">CalculateField "Gas\Gas Network\Distribution Main" STATUS "E" VB #</Process><Process ToolSource="c:\program files (x86)\arcgis\desktop10.2\ArcToolbox\Toolboxes\Data Management Tools.tbx\CalculateField" Date="20180208" Time="095227">CalculateField "Distribution Main\Polyethylene High Pressure" STATUS "E" VB #</Process><Process ToolSource="c:\program files (x86)\arcgis\desktop10.2\ArcToolbox\Toolboxes\Data Management Tools.tbx\CalculateField" Date="20180219" Time="152249">CalculateField "Distribution Main" MOAP 70 VB #</Process><Process ToolSource="c:\program files (x86)\arcgis\desktop10.2\ArcToolbox\Toolboxes\Data Management Tools.tbx\CalculateField" Date="20180312" Time="173655">CalculateField "Distribution Main" JOB_CODE "301902853" VB #</Process><Process ToolSource="c:\program files (x86)\arcgis\desktop10.2\ArcToolbox\Toolboxes\Data Management Tools.tbx\CalculateField" Date="20180319" Time="084008">CalculateField "Distribution Main" NET_KEY NULL VB #</Process><Process ToolSource="c:\program files (x86)\arcgis\desktop10.2\ArcToolbox\Toolboxes\Data Management Tools.tbx\CalculateField" Date="20180404" Time="083632">CalculateField "Distribution Main" NET_KEY 63 VB #</Process><Process ToolSource="c:\program files (x86)\arcgis\desktop10.2\ArcToolbox\Toolboxes\Data Management Tools.tbx\CalculateField" Date="20180404" Time="083644">CalculateField "Distribution Main" NET_KEY 63 VB #</Process><Process ToolSource="c:\program files (x86)\arcgis\desktop10.2\ArcToolbox\Toolboxes\Data Management Tools.tbx\CalculateField" Date="20180404" Time="083701">CalculateField "Distribution Main" NET_KEY 63 VB #</Process><Process ToolSource="c:\program files (x86)\arcgis\desktop10.2\ArcToolbox\Toolboxes\Data Management Tools.tbx\CalculateField" Date="20180404" Time="083829">CalculateField "Distribution Main" NET_KEY 63 VB #</Process><Process ToolSource="c:\program files (x86)\arcgis\desktop10.2\ArcToolbox\Toolboxes\Data Management Tools.tbx\CalculateField" Date="20180413" Time="115038">CalculateField "Distribution Main" NET_KEY 63 VB #</Process></lineage><itemProps><itemLocation><linkage Sync="TRUE">Server=ginprod; Service=sde:oracle11g:ginprod; User=nrafei; Version=SDE.DEFAULT</linkage><protocol Sync="TRUE">ArcSDE Connection</protocol></itemLocation><itemName Sync="TRUE">GISDBA.DistributionMain</itemName><imsContentType Sync="TRUE">002</imsContentType><nativeExtBox><westBL Sync="TRUE">264660.830000</westBL><eastBL Sync="TRUE">931638.044125</eastBL><southBL Sync="TRUE">6123049.650000</southBL><northBL Sync="TRUE">6825175.659000</northBL><exTypeCode Sync="TRUE">1</exTypeCode></nativeExtBox><relatedItems><item><itemName/></item><item><itemName/><itemType Sync="TRUE">Relationship</itemType></item><item><itemName Sync="TRUE">GISDBA.Pipeline_Main</itemName><itemType Sync="TRUE">Relationship</itemType></item></relatedItems></itemProps><coordRef><type Sync="TRUE">Projected</type><geogcsn Sync="TRUE">GCS_GDA_1994</geogcsn><csUnits Sync="TRUE">Linear Unit: Meter (1.000000)</csUnits><projcsn Sync="TRUE">GDA_1994_MGA_Zone_50</projcsn><peXml Sync="TRUE">&lt;ProjectedCoordinateSystem xsi:type='typens:ProjectedCoordinateSystem' xmlns:xsi='http://www.w3.org/2001/XMLSchema-instance' xmlns:xs='http://www.w3.org/2001/XMLSchema' xmlns:typens='http://www.esri.com/schemas/ArcGIS/10.1'&gt;&lt;WKT&gt;PROJCS[&amp;quot;GDA_1994_MGA_Zone_50&amp;quot;,GEOGCS[&amp;quot;GCS_GDA_1994&amp;quot;,DATUM[&amp;quot;D_GDA_1994&amp;quot;,SPHEROID[&amp;quot;GRS_1980&amp;quot;,6378137.0,298.257222101]],PRIMEM[&amp;quot;Greenwich&amp;quot;,0.0],UNIT[&amp;quot;Degree&amp;quot;,0.0174532925199433]],PROJECTION[&amp;quot;Transverse_Mercator&amp;quot;],PARAMETER[&amp;quot;False_Easting&amp;quot;,500000.0],PARAMETER[&amp;quot;False_Northing&amp;quot;,10000000.0],PARAMETER[&amp;quot;Central_Meridian&amp;quot;,117.0],PARAMETER[&amp;quot;Scale_Factor&amp;quot;,0.9996],PARAMETER[&amp;quot;Latitude_Of_Origin&amp;quot;,0.0],UNIT[&amp;quot;Meter&amp;quot;,1.0],AUTHORITY[&amp;quot;EPSG&amp;quot;,28350]]&lt;/WKT&gt;&lt;XOrigin&gt;-5120900&lt;/XOrigin&gt;&lt;YOrigin&gt;1900&lt;/YOrigin&gt;&lt;XYScale&gt;16000&lt;/XYScale&gt;&lt;ZOrigin&gt;0&lt;/ZOrigin&gt;&lt;ZScale&gt;1&lt;/ZScale&gt;&lt;MOrigin&gt;0&lt;/MOrigin&gt;&lt;MScale&gt;1&lt;/MScale&gt;&lt;XYTolerance&gt;0.002&lt;/XYTolerance&gt;&lt;ZTolerance&gt;1.9999999999999998e-005&lt;/ZTolerance&gt;&lt;MTolerance&gt;1.9999999999999998e-005&lt;/MTolerance&gt;&lt;HighPrecision&gt;true&lt;/HighPrecision&gt;&lt;WKID&gt;28350&lt;/WKID&gt;&lt;LatestWKID&gt;28350&lt;/LatestWKID&gt;&lt;/ProjectedCoordinateSystem&gt;</peXml></coordRef></DataProperties><SyncDate>20170104</SyncDate><SyncTime>07521700</SyncTime><ModDate>20170104</ModDate><ModTime>07521700</ModTime><ArcGISFormat>1.0</ArcGISFormat></Esri><idinfo><native Sync="TRUE">Microsoft Windows Vista Version 6.1 (Build 7601) Service Pack 1; ESRI ArcCatalog 9.3.1.3500</native><descript><langdata Sync="TRUE">en</langdata><abstract>Distribution Mains are pipes for the WA gas distribution systems.</abstract><purpose>Distribution Mains are features which can be Types of High Pressure and or LPG systems</purpose></descript><citation><citeinfo><origin>REQUIRED: The name of an organization or individual that developed the data set.</origin><pubdate>REQUIRED: The date when the data set is published or otherwise made available for release.</pubdate><title Sync="TRUE">GISDBA.DistributionMain</title><ftname Sync="TRUE">GISDBA.DistributionMain</ftname><geoform Sync="TRUE">vector digital data</geoform><onlink Sync="TRUE">Server=gnis-prd.wng.com.au; Service=5160; User=gisdba; Version=SDE.DEFAULT</onlink></citeinfo></citation><timeperd><current>ground condition</current><timeinfo><rngdates><begdate>unknown</begdate><begtime>unknown</begtime><enddate>unknown</enddate><endtime>unknown</endtime></rngdates></timeinfo></timeperd><status><progress>In work</progress><update>Continually</update></status><spdom><bounding><westbc Sync="TRUE">114.421042</westbc><eastbc Sync="TRUE">126.340685</eastbc><northbc Sync="TRUE">-28.418713</northbc><southbc Sync="TRUE">-35.035234</southbc></bounding><lboundng><leftbc Sync="TRUE">264660.830000</leftbc><rightbc Sync="TRUE">1357050.390000</rightbc><bottombc Sync="TRUE">6123049.650000</bottombc><topbc Sync="TRUE">6825175.836000</topbc></lboundng></spdom><keywords><theme><themekt>Pipes that distribute GAS</themekt><themekey>Gas Distribution Main</themekey></theme></keywords><accconst>Only on request with the agreed documentation signed.</accconst><useconst>Fit for purpose. See Licence agreement.</useconst><natvform Sync="TRUE">SDE Feature Class</natvform><ptcontac><cntinfo><cntorgp><cntorg>WestNet Energy</cntorg><cntper>Adrian Denning</cntper></cntorgp><cntpos>GIS SME</cntpos><cntaddr><addrtype>mailing address</addrtype><address>PO Box 2030</address><city>PERTH</city><state>WESTERN AUSTRALIA</state><postal>6846</postal><country>Australia</country></cntaddr><cntinst>WestNet Energy</cntinst></cntinfo></ptcontac><crossref><citeinfo><origin>WestNet Energy</origin><pubdate>Unknown</pubdate><pubtime>Unknown</pubtime><title>Utilities</title><geoform>map</geoform></citeinfo></crossref><secinfo><secclass>Restricted</secclass><secsys>HIGH</secsys><sechandl>Confidentiality Agreement and Licence Agreement must be signed by client.</sechandl></secinfo></idinfo><dataIdInfo><envirDesc Sync="TRUE">Microsoft Windows 7 Version 6.1 (Build 7601) Service Pack 1; Esri ArcGIS 10.2.0.3348</envirDesc><dataLang><languageCode Sync="TRUE" value="eng"></languageCode><countryCode value="USA" Sync="TRUE"></countryCode></dataLang><idCitation><resTitle Sync="TRUE">GISDBA.DistributionMain</resTitle><presForm><PresFormCd Sync="TRUE" value="005"></PresFormCd></presForm></idCitation><spatRpType><SpatRepTypCd Sync="TRUE" value="001"></SpatRepTypCd></spatRpType><dataExt><geoEle><GeoBndBox esriExtentType="native"><westBL Sync="TRUE">264660.83</westBL><eastBL Sync="TRUE">1357050.39</eastBL><northBL Sync="TRUE">6825175.836</northBL><southBL Sync="TRUE">6123049.65</southBL><exTypeCode Sync="TRUE">1</exTypeCode></GeoBndBox></geoEle></dataExt><geoBox esriExtentType="decdegrees"><westBL Sync="TRUE">114.421042</westBL><eastBL Sync="TRUE">126.340685</eastBL><northBL Sync="TRUE">-28.418713</northBL><southBL Sync="TRUE">-35.035234</southBL><exTypeCode Sync="TRUE">1</exTypeCode></geoBox><dataExt><geoEle><GeoBndBox esriExtentType="search"><exTypeCode Sync="TRUE">1</exTypeCode><westBL Sync="TRUE">114.421042</westBL><eastBL Sync="TRUE">121.725074</eastBL><northBL Sync="TRUE">-28.628690</northBL><southBL Sync="TRUE">-35.035234</southBL></GeoBndBox></geoEle></dataExt></dataIdInfo><metainfo><langmeta Sync="TRUE">en</langmeta><metstdn Sync="TRUE">FGDC Content Standards for Digital Geospatial Metadata</metstdn><metstdv Sync="TRUE">FGDC-STD-001-1998</metstdv><mettc Sync="TRUE">local time</mettc><metc><cntinfo><cntorgp><cntper>Adrian Denning</cntper><cntorg>WestNet Energy WA Gas Networks</cntorg></cntorgp><cntaddr><addrtype>REQUIRED: The mailing and/or physical address for the organization or individual.</addrtype><city>REQUIRED: The city of the address.</city><state>REQUIRED: The state or province of the address.</state><postal>REQUIRED: The ZIP or other postal code of the address.</postal></cntaddr><cntvoice>+61862137128</cntvoice><cntpos>GIS SME Team Leader</cntpos><cntfax>+61862137400</cntfax><cntemail>adenning@wng.com.au</cntemail><hours>9.00am-5.00pm WST</hours><cntinst>Drawing Office</cntinst></cntinfo></metc><metd Sync="TRUE">20130822</metd></metainfo><mdLang><languageCode Sync="TRUE" value="eng"></languageCode><countryCode value="USA" Sync="TRUE"></countryCode></mdLang><mdStanName Sync="TRUE">ISO 19115 Geographic Information - Metadata</mdStanName><mdStanVer Sync="TRUE">DIS_ESRI1.0</mdStanVer><mdChar><CharSetCd Sync="TRUE" value="004"></CharSetCd></mdChar><mdHrLv><ScopeCd Sync="TRUE" value="005"></ScopeCd></mdHrLv><mdHrLvName Sync="TRUE">dataset</mdHrLvName><distinfo><resdesc Sync="TRUE">Downloadable Data</resdesc><distrib><cntinfo><cntorgp><cntorg>WestNet Energy WA Gas Networks</cntorg><cntper>Adrian Denning</cntper></cntorgp><cntpos>GIS SME</cntpos></cntinfo></distrib><distliab>As per Licence agreement and Confidentiality Agreement</distliab><stdorder><fees>Min $200 incl GST</fees><ordering>By Email or written Request.</ordering><turnarnd>2 weeks</turnarnd></stdorder><custom>Upon request to the GIS Custodian of WestNet Energy</custom><availabl><timeinfo><sngdate><caldate>unknown</caldate><time>unknown</time></sngdate></timeinfo></availabl></distinfo><distInfo><distributor><distorTran><onLineSrc><orDesc Sync="TRUE">002</orDesc><linkage Sync="TRUE">Server=gnis-prd.wng.com.au; Service=5160; User=gisdba; Version=SDE.DEFAULT</linkage><protocol Sync="TRUE">ArcSDE Connection</protocol></onLineSrc></distorTran><distorFormat><formatName Sync="TRUE">SDE Feature Class</formatName></distorFormat></distributor><distFormat><formatName Sync="TRUE">SDE Feature Class</formatName></distFormat></distInfo><spdoinfo><direct Sync="TRUE">Vector</direct><ptvctinf><esriterm Name="GISDBA.DistributionMain"><efeatyp Sync="TRUE">Simple Edge</efeatyp><efeageom code="3" Sync="TRUE"></efeageom><esritopo Sync="TRUE">TRUE</esritopo><efeacnt Sync="TRUE">331453</efeacnt><spindex Sync="TRUE">TRUE</spindex><linrefer Sync="TRUE">FALSE</linrefer><netwrole Sync="TRUE">None</netwrole></esriterm></ptvctinf></spdoinfo><spref><horizsys><cordsysn><geogcsn Sync="TRUE">GCS_GDA_1994</geogcsn><projcsn Sync="TRUE">GDA_1994_MGA_Zone_50</projcsn></cordsysn><planar><planci><plance Sync="TRUE">coordinate pair</plance><plandu Sync="TRUE">meters</plandu><coordrep><absres Sync="TRUE">0.000063</absres><ordres Sync="TRUE">0.000063</ordres></coordrep></planci></planar><geodetic><horizdn Sync="TRUE">D_GDA_1994</horizdn><ellips Sync="TRUE">Geodetic Reference System 80</ellips><semiaxis Sync="TRUE">6378137.000000</semiaxis><denflat Sync="TRUE">298.257222</denflat></geodetic></horizsys><vertdef><altsys><altenc Sync="TRUE">Explicit elevation coordinate included with horizontal coordinates</altenc><altres Sync="TRUE">0.000003</altres></altsys></vertdef></spref><refSysInfo><RefSystem><refSysID><identCode Sync="TRUE" code="28350">GDA_1994_MGA_Zone_50</identCode><idCodeSpace Sync="TRUE">EPSG</idCodeSpace><idVersion Sync="TRUE">8.1.1</idVersion></refSysID></RefSystem></refSysInfo><spatRepInfo><VectSpatRep><geometObjs Name="GISDBA.DistributionMain"><geoObjTyp><GeoObjTypCd value="002" Sync="TRUE"></GeoObjTypCd></geoObjTyp><geoObjCnt Sync="TRUE">331453</geoObjCnt></geometObjs><topLvl><TopoLevCd value="001" Sync="TRUE"></TopoLevCd></topLvl></VectSpatRep></spatRepInfo><eainfo><detailed Name="GISDBA.DistributionMain"><enttyp><enttypl Sync="TRUE">GISDBA.DistributionMain</enttypl><enttypt Sync="TRUE">Feature Class</enttypt><enttypc Sync="TRUE">331453</enttypc></enttyp><attr><attrlabl Sync="TRUE">OBJECTID</attrlabl><attalias Sync="TRUE">OBJECTID</attalias><attrtype Sync="TRUE">OID</attrtype><attwidth Sync="TRUE">4</attwidth><atprecis Sync="TRUE">10</atprecis><attscale Sync="TRUE">0</attscale><attrdef Sync="TRUE">Internal feature number.</attrdef><attrdefs Sync="TRUE">ESRI</attrdefs><attrdomv><udom Sync="TRUE">Sequential unique whole numbers that are automatically generated.</udom></attrdomv></attr><attr><attrlabl Sync="TRUE">ENABLED</attrlabl><attalias Sync="TRUE">Enabled</attalias><attrtype Sync="TRUE">SmallInteger</attrtype><attwidth Sync="TRUE">2</attwidth><atprecis Sync="TRUE">5</atprecis><attscale Sync="TRUE">0</attscale></attr><attr><attrlabl Sync="TRUE">CREATEUSERID</attrlabl><attalias Sync="TRUE">Create User</attalias><attrtype Sync="TRUE">String</attrtype><attwidth Sync="TRUE">20</attwidth><atprecis Sync="TRUE">0</atprecis><attscale Sync="TRUE">0</attscale></attr><attr><attrlabl Sync="TRUE">CREATEDATE</attrlabl><attalias Sync="TRUE">Create Date</attalias><attrtype Sync="TRUE">Date</attrtype><attwidth Sync="TRUE">36</attwidth><atprecis Sync="TRUE">0</atprecis><attscale Sync="TRUE">0</attscale></attr><attr><attrlabl Sync="TRUE">UPDATEUSER</attrlabl><attalias Sync="TRUE">Update User</attalias><attrtype Sync="TRUE">String</attrtype><attwidth Sync="TRUE">20</attwidth><atprecis Sync="TRUE">0</atprecis><attscale Sync="TRUE">0</attscale></attr><attr><attrlabl Sync="TRUE">UPDATEDATE</attrlabl><attalias Sync="TRUE">Update Date</attalias><attrtype Sync="TRUE">Date</attrtype><attwidth Sync="TRUE">36</attwidth><atprecis Sync="TRUE">0</atprecis><attscale Sync="TRUE">0</attscale></attr><attr><attrlabl Sync="TRUE">LEGACYID</attrlabl><attalias Sync="TRUE">Legacy ID</attalias><attrtype Sync="TRUE">String</attrtype><attwidth Sync="TRUE">50</attwidth><atprecis Sync="TRUE">0</atprecis><attscale Sync="TRUE">0</attscale></attr><attr><attrlabl Sync="TRUE">INSTALLATIONDATE</attrlabl><attalias Sync="TRUE">Installation Date</attalias><attrtype Sync="TRUE">Date</attrtype><attwidth Sync="TRUE">36</attwidth><atprecis Sync="TRUE">0</atprecis><attscale Sync="TRUE">0</attscale></attr><attr><attrlabl Sync="TRUE">TAG</attrlabl><attalias Sync="TRUE">TAG</attalias><attrtype Sync="TRUE">String</attrtype><attwidth Sync="TRUE">15</attwidth><atprecis Sync="TRUE">0</atprecis><attscale Sync="TRUE">0</attscale></attr><attr><attrlabl Sync="TRUE">STATUS</attrlabl><attalias Sync="TRUE">Status</attalias><attrtype Sync="TRUE">String</attrtype><attwidth Sync="TRUE">2</attwidth><atprecis Sync="TRUE">0</atprecis><attscale Sync="TRUE">0</attscale></attr><attr><attrlabl Sync="TRUE">NOMINALDIAMETER</attrlabl><attalias Sync="TRUE">Nominal Diameter</attalias><attrtype Sync="TRUE">String</attrtype><attwidth Sync="TRUE">10</attwidth><atprecis Sync="TRUE">0</atprecis><attscale Sync="TRUE">0</attscale></attr><attr><attrlabl Sync="TRUE">NOMINALDIAMETERUNITS</attrlabl><attalias Sync="TRUE">Nominal Diameter Units</attalias><attrtype Sync="TRUE">String</attrtype><attwidth Sync="TRUE">20</attwidth><atprecis Sync="TRUE">0</atprecis><attscale Sync="TRUE">0</attscale></attr><attr><attrlabl Sync="TRUE">ACTUALINTERNALDIAMETER</attrlabl><attalias Sync="TRUE">Actual Internal Diameter</attalias><attrtype Sync="TRUE">Double</attrtype><attwidth Sync="TRUE">8</attwidth><atprecis Sync="TRUE">38</atprecis><attscale Sync="TRUE">8</attscale></attr><attr><attrlabl Sync="TRUE">OPERATINGPRESSURE</attrlabl><attalias Sync="TRUE">Operating Pressure</attalias><attrtype Sync="TRUE">Double</attrtype><attwidth Sync="TRUE">8</attwidth><atprecis Sync="TRUE">38</atprecis><attscale Sync="TRUE">8</attscale></attr><attr><attrlabl Sync="TRUE">MATERIAL</attrlabl><attalias Sync="TRUE">Material</attalias><attrtype Sync="TRUE">String</attrtype><attwidth Sync="TRUE">3</attwidth><atprecis Sync="TRUE">0</atprecis><attscale Sync="TRUE">0</attscale></attr><attr><attrlabl Sync="TRUE">COATINGTYPE</attrlabl><attalias Sync="TRUE">Coating Type</attalias><attrtype Sync="TRUE">String</attrtype><attwidth Sync="TRUE">35</attwidth><atprecis Sync="TRUE">0</atprecis><attscale Sync="TRUE">0</attscale></attr><attr><attrlabl Sync="TRUE">CPSYSTEMSTATUS</attrlabl><attalias Sync="TRUE">CP System Status</attalias><attrtype Sync="TRUE">Integer</attrtype><attwidth Sync="TRUE">4</attwidth><atprecis Sync="TRUE">10</atprecis><attscale Sync="TRUE">0</attscale></attr><attr><attrlabl Sync="TRUE">DESIGNPRESSUREENTERED</attrlabl><attalias Sync="TRUE">Design Pressure - Entered</attalias><attrtype Sync="TRUE">Double</attrtype><attwidth Sync="TRUE">8</attwidth><atprecis Sync="TRUE">38</atprecis><attscale Sync="TRUE">8</attscale></attr><attr><attrlabl Sync="TRUE">DESIGNPRESSURESTANDARD</attrlabl><attalias Sync="TRUE">Design Pressure - Standard</attalias><attrtype Sync="TRUE">Double</attrtype><attwidth Sync="TRUE">8</attwidth><atprecis Sync="TRUE">38</atprecis><attscale Sync="TRUE">8</attscale></attr><attr><attrlabl Sync="TRUE">DESIGNPRESSUREUNITOFMEASURE</attrlabl><attalias Sync="TRUE">Design Pressure - Unit of Measure</attalias><attrtype Sync="TRUE">String</attrtype><attwidth Sync="TRUE">20</attwidth><atprecis Sync="TRUE">0</atprecis><attscale Sync="TRUE">0</attscale></attr><attr><attrlabl Sync="TRUE">ELECTRICSURVEYINDICATOR</attrlabl><attalias Sync="TRUE">Electric Survey Indicator</attalias><attrtype Sync="TRUE">String</attrtype><attwidth Sync="TRUE">5</attwidth><atprecis Sync="TRUE">0</atprecis><attscale Sync="TRUE">0</attscale></attr><attr><attrlabl Sync="TRUE">LASTLEAKSURVEY</attrlabl><attalias Sync="TRUE">Last Leak Survey</attalias><attrtype Sync="TRUE">Date</attrtype><attwidth Sync="TRUE">36</attwidth><atprecis Sync="TRUE">0</atprecis><attscale Sync="TRUE">0</attscale></attr><attr><attrlabl Sync="TRUE">LEAKSURVEYFREQUENCY</attrlabl><attalias Sync="TRUE">Leak Survey Frequency</attalias><attrtype Sync="TRUE">String</attrtype><attwidth Sync="TRUE">20</attwidth><atprecis Sync="TRUE">0</atprecis><attscale Sync="TRUE">0</attscale></attr><attr><attrlabl Sync="TRUE">OWNER</attrlabl><attalias Sync="TRUE">Owner</attalias><attrtype Sync="TRUE">String</attrtype><attwidth Sync="TRUE">20</attwidth><atprecis Sync="TRUE">0</atprecis><attscale Sync="TRUE">0</attscale></attr><attr><attrlabl Sync="TRUE">PIPESTATUSINDICATOR</attrlabl><attalias Sync="TRUE">Pipe Status Indicator</attalias><attrtype Sync="TRUE">Integer</attrtype><attwidth Sync="TRUE">4</attwidth><atprecis Sync="TRUE">10</atprecis><attscale Sync="TRUE">0</attscale></attr><attr><attrlabl Sync="TRUE">PIPETESTDATE</attrlabl><attalias Sync="TRUE">Pipe Test Date</attalias><attrtype Sync="TRUE">Date</attrtype><attwidth Sync="TRUE">36</attwidth><atprecis Sync="TRUE">0</atprecis><attscale Sync="TRUE">0</attscale></attr><attr><attrlabl Sync="TRUE">PIPETESTDURATION</attrlabl><attalias Sync="TRUE">Pipe Test Duration</attalias><attrtype Sync="TRUE">String</attrtype><attwidth Sync="TRUE">20</attwidth><atprecis Sync="TRUE">0</atprecis><attscale Sync="TRUE">0</attscale></attr><attr><attrlabl Sync="TRUE">PIPETESTPRESSURE</attrlabl><attalias Sync="TRUE">Pipe Test Pressure</attalias><attrtype Sync="TRUE">String</attrtype><attwidth Sync="TRUE">20</attwidth><atprecis Sync="TRUE">0</atprecis><attscale Sync="TRUE">0</attscale></attr><attr><attrlabl Sync="TRUE">PIPETESTTYPE</attrlabl><attalias Sync="TRUE">Pipe Test Type</attalias><attrtype Sync="TRUE">String</attrtype><attwidth Sync="TRUE">5</attwidth><atprecis Sync="TRUE">0</atprecis><attscale Sync="TRUE">0</attscale></attr><attr><attrlabl Sync="TRUE">PIPETYPE</attrlabl><attalias Sync="TRUE">Pipe Type</attalias><attrtype Sync="TRUE">String</attrtype><attwidth Sync="TRUE">5</attwidth><atprecis Sync="TRUE">0</atprecis><attscale Sync="TRUE">0</attscale></attr><attr><attrlabl Sync="TRUE">SOPENTERED</attrlabl><attalias Sync="TRUE">System Operating Pressure - Entered</attalias><attrtype Sync="TRUE">Double</attrtype><attwidth Sync="TRUE">8</attwidth><atprecis Sync="TRUE">38</atprecis><attscale Sync="TRUE">8</attscale></attr><attr><attrlabl Sync="TRUE">SOPRANGE</attrlabl><attalias Sync="TRUE">System Operating Pressure Range</attalias><attrtype Sync="TRUE">String</attrtype><attwidth Sync="TRUE">20</attwidth><atprecis Sync="TRUE">0</atprecis><attscale Sync="TRUE">0</attscale></attr><attr><attrlabl Sync="TRUE">SOPSTANDARD</attrlabl><attalias Sync="TRUE">System Operating Pressure - Standard</attalias><attrtype Sync="TRUE">Double</attrtype><attwidth Sync="TRUE">8</attwidth><atprecis Sync="TRUE">38</atprecis><attscale Sync="TRUE">8</attscale></attr><attr><attrlabl Sync="TRUE">SOPUNITOFMEASURE</attrlabl><attalias Sync="TRUE">System Operating Pressure - Unit of Measure</attalias><attrtype Sync="TRUE">String</attrtype><attwidth Sync="TRUE">20</attwidth><atprecis Sync="TRUE">0</atprecis><attscale Sync="TRUE">0</attscale></attr><attr><attrlabl Sync="TRUE">ORIGINALCOVERDEPTH</attrlabl><attalias Sync="TRUE">Original Cover Depth</attalias><attrtype Sync="TRUE">Integer</attrtype><attwidth Sync="TRUE">4</attwidth><atprecis Sync="TRUE">10</atprecis><attscale Sync="TRUE">0</attscale></attr><attr><attrlabl Sync="TRUE">WALLTHICKNESS</attrlabl><attalias Sync="TRUE">Wall Thickness</attalias><attrtype Sync="TRUE">String</attrtype><attwidth Sync="TRUE">10</attwidth><atprecis Sync="TRUE">0</atprecis><attscale Sync="TRUE">0</attscale></attr><attr><attrlabl Sync="TRUE">MEASUREDLENGTH</attrlabl><attalias Sync="TRUE">Measured Length</attalias><attrtype Sync="TRUE">Double</attrtype><attwidth Sync="TRUE">8</attwidth><atprecis Sync="TRUE">38</atprecis><attscale Sync="TRUE">8</attscale></attr><attr><attrlabl Sync="TRUE">LENGTHSOURCE</attrlabl><attalias Sync="TRUE">Length Source</attalias><attrtype Sync="TRUE">String</attrtype><attwidth Sync="TRUE">5</attwidth><atprecis Sync="TRUE">0</atprecis><attscale Sync="TRUE">0</attscale></attr><attr><attrlabl Sync="TRUE">MANUFACTURER</attrlabl><attalias Sync="TRUE">Manufacturer</attalias><attrtype Sync="TRUE">String</attrtype><attwidth Sync="TRUE">20</attwidth><atprecis Sync="TRUE">0</atprecis><attscale Sync="TRUE">0</attscale></attr><attr><attrlabl Sync="TRUE">WORKORDERID</attrlabl><attalias Sync="TRUE">Work Order ID</attalias><attrtype Sync="TRUE">String</attrtype><attwidth Sync="TRUE">20</attwidth><atprecis Sync="TRUE">0</atprecis><attscale Sync="TRUE">0</attscale></attr><attr><attrlabl Sync="TRUE">PROJECTNUMBER</attrlabl><attalias Sync="TRUE">Project Number</attalias><attrtype Sync="TRUE">String</attrtype><attwidth Sync="TRUE">50</attwidth><atprecis Sync="TRUE">0</atprecis><attscale Sync="TRUE">0</attscale></attr><attr><attrlabl Sync="TRUE">INSERVICEDATE</attrlabl><attalias Sync="TRUE">In Service Date</attalias><attrtype Sync="TRUE">Date</attrtype><attwidth Sync="TRUE">36</attwidth><atprecis Sync="TRUE">0</atprecis><attscale Sync="TRUE">0</attscale></attr><attr><attrlabl Sync="TRUE">INSTALLATIONMETHOD</attrlabl><attalias Sync="TRUE">Installation Method</attalias><attrtype Sync="TRUE">String</attrtype><attwidth Sync="TRUE">20</attwidth><atprecis Sync="TRUE">0</atprecis><attscale Sync="TRUE">0</attscale></attr><attr><attrlabl Sync="TRUE">PROPERTYUNITCODE</attrlabl><attalias Sync="TRUE">Property Unit Code</attalias><attrtype Sync="TRUE">String</attrtype><attwidth Sync="TRUE">20</attwidth><atprecis Sync="TRUE">0</atprecis><attscale Sync="TRUE">0</attscale></attr><attr><attrlabl Sync="TRUE">WORKMANAGEMENTSYSTEMCODE</attrlabl><attalias Sync="TRUE">Work Management System Code</attalias><attrtype Sync="TRUE">String</attrtype><attwidth Sync="TRUE">50</attwidth><atprecis Sync="TRUE">0</atprecis><attscale Sync="TRUE">0</attscale></attr><attr><attrlabl Sync="TRUE">CPSYSTEMOBJECTID</attrlabl><attalias Sync="TRUE">CP System ObjectID</attalias><attrtype Sync="TRUE">Integer</attrtype><attwidth Sync="TRUE">4</attwidth><atprecis Sync="TRUE">10</atprecis><attscale Sync="TRUE">0</attscale></attr><attr><attrlabl Sync="TRUE">EMERISOLATIONSYSOBJECTID</attrlabl><attalias Sync="TRUE">Emergency Isolation System ObjectID</attalias><attrtype Sync="TRUE">Integer</attrtype><attwidth Sync="TRUE">4</attwidth><atprecis Sync="TRUE">10</atprecis><attscale Sync="TRUE">0</attscale></attr><attr><attrlabl Sync="TRUE">GASPRESSURESYSTEMOBJECTID</attrlabl><attalias Sync="TRUE">Gas Pressure System ObjectID</attalias><attrtype Sync="TRUE">Integer</attrtype><attwidth Sync="TRUE">4</attwidth><atprecis Sync="TRUE">10</atprecis><attscale Sync="TRUE">0</attscale></attr><attr><attrlabl Sync="TRUE">GASSYSTEMOBJECTID</attrlabl><attalias Sync="TRUE">Gas System ObjectID</attalias><attrtype Sync="TRUE">Integer</attrtype><attwidth Sync="TRUE">4</attwidth><atprecis Sync="TRUE">10</atprecis><attscale Sync="TRUE">0</attscale></attr><attr><attrlabl Sync="TRUE">GASTRACEWEIGHT</attrlabl><attalias Sync="TRUE">Gas Trace Weight</attalias><attrtype Sync="TRUE">Integer</attrtype><attwidth Sync="TRUE">4</attwidth><atprecis Sync="TRUE">10</atprecis><attscale Sync="TRUE">0</attscale></attr><attr><attrlabl Sync="TRUE">MOAP</attrlabl><attalias Sync="TRUE">MAOP</attalias><attrtype Sync="TRUE">Integer</attrtype><attwidth Sync="TRUE">4</attwidth><atprecis Sync="TRUE">10</atprecis><attscale Sync="TRUE">0</attscale></attr><attr><attrlabl Sync="TRUE">INTERNAL_DIAMETER</attrlabl><attalias Sync="TRUE">Internal Diameter</attalias><attrtype Sync="TRUE">Integer</attrtype><attwidth Sync="TRUE">4</attwidth><atprecis Sync="TRUE">10</atprecis><attscale Sync="TRUE">0</attscale></attr><attr><attrlabl Sync="TRUE">JOB_CODE</attrlabl><attalias Sync="TRUE">Job Code</attalias><attrtype Sync="TRUE">String</attrtype><attwidth Sync="TRUE">10</attwidth><atprecis Sync="TRUE">0</atprecis><attscale Sync="TRUE">0</attscale></attr><attr><attrlabl Sync="TRUE">GAS_TYPE</attrlabl><attalias Sync="TRUE">Gas Type</attalias><attrtype Sync="TRUE">String</attrtype><attwidth Sync="TRUE">4</attwidth><atprecis Sync="TRUE">0</atprecis><attscale Sync="TRUE">0</attscale></attr><attr><attrlabl Sync="TRUE">CMN_TRENCH_CD</attrlabl><attalias Sync="TRUE">Common Trench Code</attalias><attrtype Sync="TRUE">String</attrtype><attwidth Sync="TRUE">2</attwidth><atprecis Sync="TRUE">0</atprecis><attscale Sync="TRUE">0</attscale></attr><attr><attrlabl Sync="TRUE">MAINTYPE</attrlabl><attalias Sync="TRUE">Main Type</attalias><attrtype Sync="TRUE">Integer</attrtype><attwidth Sync="TRUE">4</attwidth><atprecis Sync="TRUE">10</atprecis><attscale Sync="TRUE">0</attscale></attr><attr><attrlabl Sync="TRUE">CRITICALINDICATOR</attrlabl><attalias Sync="TRUE">Critical Indicator</attalias><attrtype Sync="TRUE">String</attrtype><attwidth Sync="TRUE">5</attwidth><atprecis Sync="TRUE">0</atprecis><attscale Sync="TRUE">0</attscale></attr><attr><attrlabl Sync="TRUE">CROSSINGTYPE</attrlabl><attalias Sync="TRUE">Crossing Type</attalias><attrtype Sync="TRUE">String</attrtype><attwidth Sync="TRUE">5</attwidth><atprecis Sync="TRUE">0</atprecis><attscale Sync="TRUE">0</attscale></attr><attr><attrlabl Sync="TRUE">ALIGNMENT</attrlabl><attalias Sync="TRUE">Alignment</attalias><attrtype Sync="TRUE">Double</attrtype><attwidth Sync="TRUE">8</attwidth><atprecis Sync="TRUE">38</atprecis><attscale Sync="TRUE">8</attscale></attr><attr><attrlabl Sync="TRUE">CARTO_OFFSET</attrlabl><attalias Sync="TRUE">Carto Offset</attalias><attrtype Sync="TRUE">Double</attrtype><attwidth Sync="TRUE">8</attwidth><atprecis Sync="TRUE">38</atprecis><attscale Sync="TRUE">8</attscale></attr><attr><attrlabl Sync="TRUE">RELAY_CD</attrlabl><attalias Sync="TRUE">Relay Code</attalias><attrtype Sync="TRUE">String</attrtype><attwidth Sync="TRUE">2</attwidth><atprecis Sync="TRUE">0</atprecis><attscale Sync="TRUE">0</attscale></attr><attr><attrlabl Sync="TRUE">PIPELINE_CD</attrlabl><attalias Sync="TRUE">Pipeline Number</attalias><attrtype Sync="TRUE">Integer</attrtype><attwidth Sync="TRUE">4</attwidth><atprecis Sync="TRUE">10</atprecis><attscale Sync="TRUE">0</attscale></attr><attr><attrlabl Sync="TRUE">BONDEDINDICATOR</attrlabl><attalias Sync="TRUE">Bonded Indicator</attalias><attrtype Sync="TRUE">String</attrtype><attwidth Sync="TRUE">5</attwidth><atprecis Sync="TRUE">0</atprecis><attscale Sync="TRUE">0</attscale></attr><attr><attrlabl Sync="TRUE">DIST_LEVEL</attrlabl><attalias Sync="TRUE">Distribution Level</attalias><attrtype Sync="TRUE">String</attrtype><attwidth Sync="TRUE">4</attwidth><atprecis Sync="TRUE">0</atprecis><attscale Sync="TRUE">0</attscale></attr><attr><attrlabl Sync="TRUE">ACTUAL_MATERIAL</attrlabl><attalias Sync="TRUE">Actual Material</attalias><attrtype Sync="TRUE">SmallInteger</attrtype><attwidth Sync="TRUE">2</attwidth><atprecis Sync="TRUE">5</atprecis><attscale Sync="TRUE">0</attscale></attr><attr><attrlabl Sync="TRUE">SHAPE</attrlabl><attalias Sync="TRUE">Shape</attalias><attrtype Sync="TRUE">Geometry</attrtype><attwidth Sync="TRUE">4</attwidth><atprecis Sync="TRUE">0</atprecis><attscale Sync="TRUE">0</attscale><attrdef Sync="TRUE">Feature geometry.</attrdef><attrdefs Sync="TRUE">ESRI</attrdefs><attrdomv><udom Sync="TRUE">Coordinates defining the features.</udom></attrdomv></attr><attr><attrlabl Sync="TRUE">SHAPE.LEN</attrlabl><attalias Sync="TRUE">SHAPE.LEN</attalias><attrtype Sync="TRUE">Double</attrtype><attwidth Sync="TRUE">0</attwidth><atprecis Sync="TRUE">0</atprecis><attscale Sync="TRUE">0</attscale></attr><subtype><stname Sync="TRUE">None</stname><stcode Sync="TRUE">6</stcode><stfield><stfldnm Sync="TRUE">ENABLED</stfldnm><stflddv Sync="TRUE">1</stflddv><stflddd><domname Sync="TRUE">EnabledDomain</domname><domdesc Sync="TRUE"></domdesc><domtype Sync="TRUE">Coded Value</domtype><mrgtype Sync="TRUE">Default value</mrgtype><splttype Sync="TRUE">Default value</splttype><domowner Sync="TRUE">GISDBA</domowner><domfldtp Sync="TRUE">SmallInteger</domfldtp></stflddd></stfield><stfield><stfldnm Sync="TRUE">STATUS</stfldnm><stflddd><domname Sync="TRUE">Network Status</domname><domdesc Sync="TRUE"></domdesc><domtype Sync="TRUE">Coded Value</domtype><mrgtype Sync="TRUE">Default value</mrgtype><splttype Sync="TRUE">Duplicate</splttype><domowner Sync="TRUE">GISDBA</domowner><domfldtp Sync="TRUE">String</domfldtp></stflddd></stfield><stfield><stfldnm Sync="TRUE">NOMINALDIAMETER</stfldnm><stflddd><domname Sync="TRUE">Pipe Size</domname><domdesc Sync="TRUE"></domdesc><domtype Sync="TRUE">Coded Value</domtype><mrgtype Sync="TRUE">Default value</mrgtype><splttype Sync="TRUE">Duplicate</splttype><domowner Sync="TRUE">GISDBA</domowner><domfldtp Sync="TRUE">String</domfldtp></stflddd></stfield><stfield><stfldnm Sync="TRUE">NOMINALDIAMETERUNITS</stfldnm><stflddv Sync="TRUE">MM</stflddv></stfield><stfield><stfldnm Sync="TRUE">MATERIAL</stfldnm><stflddd><domname Sync="TRUE">Pipe Material</domname><domdesc Sync="TRUE"></domdesc><domtype Sync="TRUE">Coded Value</domtype><mrgtype Sync="TRUE">Default value</mrgtype><splttype Sync="TRUE">Duplicate</splttype><domowner Sync="TRUE">GISDBA</domowner><domfldtp Sync="TRUE">String</domfldtp></stflddd></stfield><stfield><stfldnm Sync="TRUE">COATINGTYPE</stfldnm><stflddd><domname Sync="TRUE">Coating Type</domname><domdesc Sync="TRUE">Material Coating types</domdesc><domtype Sync="TRUE">Coded Value</domtype><mrgtype Sync="TRUE">Default value</mrgtype><splttype Sync="TRUE">Duplicate</splttype><domowner Sync="TRUE">GISDBA</domowner><domfldtp Sync="TRUE">String</domfldtp></stflddd></stfield><stfield><stfldnm Sync="TRUE">CPSYSTEMSTATUS</stfldnm><stflddv Sync="TRUE">1</stflddv><stflddd><domname Sync="TRUE">CP System Status</domname><domdesc Sync="TRUE"></domdesc><domtype Sync="TRUE">Coded Value</domtype><mrgtype Sync="TRUE">Default value</mrgtype><splttype Sync="TRUE">Duplicate</splttype><domowner Sync="TRUE">GISDBA</domowner><domfldtp Sync="TRUE">Integer</domfldtp></stflddd></stfield><stfield><stfldnm Sync="TRUE">ELECTRICSURVEYINDICATOR</stfldnm><stflddd><domname Sync="TRUE">Yes/No Indicator</domname><domdesc Sync="TRUE"></domdesc><domtype Sync="TRUE">Coded Value</domtype><mrgtype Sync="TRUE">Default value</mrgtype><splttype Sync="TRUE">Duplicate</splttype><domowner Sync="TRUE">GISDBA</domowner><domfldtp Sync="TRUE">String</domfldtp></stflddd></stfield><stfield><stfldnm Sync="TRUE">PIPESTATUSINDICATOR</stfldnm><stflddv Sync="TRUE">1</stflddv><stflddd><domname Sync="TRUE">Normal Position</domname><domdesc Sync="TRUE"></domdesc><domtype Sync="TRUE">Coded Value</domtype><mrgtype Sync="TRUE">Default value</mrgtype><splttype Sync="TRUE">Duplicate</splttype><domowner Sync="TRUE">GISDBA</domowner><domfldtp Sync="TRUE">Integer</domfldtp></stflddd></stfield><stfield><stfldnm Sync="TRUE">PIPETESTTYPE</stfldnm><stflddd><domname Sync="TRUE">Pipe Test Type</domname><domdesc Sync="TRUE"></domdesc><domtype Sync="TRUE">Coded Value</domtype><mrgtype Sync="TRUE">Default value</mrgtype><splttype Sync="TRUE">Duplicate</splttype><domowner Sync="TRUE">GISDBA</domowner><domfldtp Sync="TRUE">String</domfldtp></stflddd></stfield><stfield><stfldnm Sync="TRUE">PIPETYPE</stfldnm><stflddv Sync="TRUE">NP</stflddv><stflddd><domname Sync="TRUE">Pipe Type</domname><domdesc Sync="TRUE"></domdesc><domtype Sync="TRUE">Coded Value</domtype><mrgtype Sync="TRUE">Default value</mrgtype><splttype Sync="TRUE">Duplicate</splttype><domowner Sync="TRUE">GISDBA</domowner><domfldtp Sync="TRUE">String</domfldtp></stflddd></stfield><stfield><stfldnm Sync="TRUE">SOPRANGE</stfldnm><stflddd><domname Sync="TRUE">Gas Pipe SOP Range</domname><domdesc Sync="TRUE"></domdesc><domtype Sync="TRUE">Coded Value</domtype><mrgtype Sync="TRUE">Default value</mrgtype><splttype Sync="TRUE">Duplicate</splttype><domowner Sync="TRUE">GISDBA</domowner><domfldtp Sync="TRUE">String</domfldtp></stflddd><stflddv Sync="TRUE">0 - 0</stflddv></stfield><stfield><stfldnm Sync="TRUE">SOPUNITOFMEASURE</stfldnm><stflddd><domname Sync="TRUE">Length Source</domname><domdesc Sync="TRUE"></domdesc><domtype Sync="TRUE">Coded Value</domtype><mrgtype Sync="TRUE">Default value</mrgtype><splttype Sync="TRUE">Duplicate</splttype><domowner Sync="TRUE">gisdba</domowner><domfldtp Sync="TRUE">String</domfldtp></stflddd><stflddv Sync="TRUE">kPa</stflddv></stfield><stfield><stfldnm Sync="TRUE">MEASUREDLENGTH</stfldnm><stflddd><domname Sync="TRUE">Measured Length</domname><domdesc Sync="TRUE"></domdesc><domtype Sync="TRUE">Range</domtype><mrgtype Sync="TRUE">Sum values</mrgtype><splttype Sync="TRUE">Geometry ratio</splttype><domowner Sync="TRUE">GISDBA</domowner><domfldtp Sync="TRUE">Double</domfldtp></stflddd></stfield><stfield><stfldnm Sync="TRUE">LENGTHSOURCE</stfldnm><stflddd><domname Sync="TRUE">Length Source</domname><domdesc Sync="TRUE"></domdesc><domtype Sync="TRUE">Coded Value</domtype><mrgtype Sync="TRUE">Default value</mrgtype><splttype Sync="TRUE">Duplicate</splttype><domowner Sync="TRUE">GISDBA</domowner><domfldtp Sync="TRUE">String</domfldtp></stflddd><stflddv Sync="TRUE">MS</stflddv></stfield><stfield><stfldnm Sync="TRUE">MOAP</stfldnm><stflddv Sync="TRUE">0</stflddv><stflddd><domname Sync="TRUE">Gas Pipe MAOP</domname><domdesc Sync="TRUE"></domdesc><domtype Sync="TRUE">Coded Value</domtype><mrgtype Sync="TRUE">Default value</mrgtype><splttype Sync="TRUE">Duplicate</splttype><domowner Sync="TRUE">GISDBA</domowner><domfldtp Sync="TRUE">Integer</domfldtp></stflddd></stfield><stfield><stfldnm Sync="TRUE">GAS_TYPE</stfldnm><stflddd><domname Sync="TRUE">Gas Type</domname><domdesc Sync="TRUE">The gas running through the pipes</domdesc><domtype Sync="TRUE">Coded Value</domtype><mrgtype Sync="TRUE">Default value</mrgtype><splttype Sync="TRUE">Duplicate</splttype><domowner Sync="TRUE">GISDBA</domowner><domfldtp Sync="TRUE">String</domfldtp></stflddd></stfield><stfield><stfldnm Sync="TRUE">CMN_TRENCH_CD</stfldnm><stflddd><domname Sync="TRUE">Yes/No Indicator</domname><domdesc Sync="TRUE"></domdesc><domtype Sync="TRUE">Coded Value</domtype><mrgtype Sync="TRUE">Default value</mrgtype><splttype Sync="TRUE">Duplicate</splttype><domowner Sync="TRUE">GISDBA</domowner><domfldtp Sync="TRUE">String</domfldtp></stflddd></stfield><stfield><stfldnm Sync="TRUE">MAINTYPE</stfldnm><stflddd><domname Sync="TRUE">Relay Code</domname><domdesc Sync="TRUE">Similar to Common Trench Code</domdesc><domtype Sync="TRUE">Coded Value</domtype><mrgtype Sync="TRUE">Default value</mrgtype><splttype Sync="TRUE">Duplicate</splttype><domowner Sync="TRUE">gisdba</domowner><domfldtp Sync="TRUE">String</domfldtp></stflddd><stflddv Sync="TRUE">6</stflddv></stfield><stfield><stfldnm Sync="TRUE">CRITICALINDICATOR</stfldnm><stflddd><domname Sync="TRUE">Yes/No Indicator</domname><domdesc Sync="TRUE"></domdesc><domtype Sync="TRUE">Coded Value</domtype><mrgtype Sync="TRUE">Default value</mrgtype><splttype Sync="TRUE">Duplicate</splttype><domowner Sync="TRUE">GISDBA</domowner><domfldtp Sync="TRUE">String</domfldtp></stflddd></stfield><stfield><stfldnm Sync="TRUE">CROSSINGTYPE</stfldnm><stflddv Sync="TRUE">NONE</stflddv><stflddd><domname Sync="TRUE">Pipe Crossing Type</domname><domdesc Sync="TRUE"></domdesc><domtype Sync="TRUE">Coded Value</domtype><mrgtype Sync="TRUE">Default value</mrgtype><splttype Sync="TRUE">Duplicate</splttype><domowner Sync="TRUE">GISDBA</domowner><domfldtp Sync="TRUE">String</domfldtp></stflddd></stfield><stfield><stfldnm Sync="TRUE">RELAY_CD</stfldnm><stflddd><domname Sync="TRUE">Relay Code</domname><domdesc Sync="TRUE">Similar to Common Trench Code</domdesc><domtype Sync="TRUE">Coded Value</domtype><mrgtype Sync="TRUE">Default value</mrgtype><splttype Sync="TRUE">Duplicate</splttype><domowner Sync="TRUE">GISDBA</domowner><domfldtp Sync="TRUE">String</domfldtp></stflddd></stfield><stfield><stfldnm Sync="TRUE">BONDEDINDICATOR</stfldnm><stflddd><domname Sync="TRUE">Yes/No Indicator</domname><domdesc Sync="TRUE"></domdesc><domtype Sync="TRUE">Coded Value</domtype><mrgtype Sync="TRUE">Default value</mrgtype><splttype Sync="TRUE">Duplicate</splttype><domowner Sync="TRUE">GISDBA</domowner><domfldtp Sync="TRUE">String</domfldtp></stflddd></stfield><stfield><stfldnm Sync="TRUE">DIST_LEVEL</stfldnm><stflddv Sync="TRUE">NONE</stflddv></stfield><stfield><stfldnm Sync="TRUE">ACTUAL_MATERIAL</stfldnm><stflddd><domname Sync="TRUE">ActualMaterial</domname><domdesc Sync="TRUE">PIPE_NAME</domdesc><domtype Sync="TRUE">Coded Value</domtype><mrgtype Sync="TRUE">Default value</mrgtype><splttype Sync="TRUE">Duplicate</splttype><domowner Sync="TRUE">GISDBA</domowner><domfldtp Sync="TRUE">SmallInteger</domfldtp></stflddd></stfield></subtype><subtype><stname Sync="TRUE">PE High Pressure Main</stname><stcode Sync="TRUE">2</stcode><stfield><stfldnm Sync="TRUE">ENABLED</stfldnm><stflddv Sync="TRUE">1</stflddv><stflddd><domname Sync="TRUE">EnabledDomain</domname><domdesc Sync="TRUE"></domdesc><domtype Sync="TRUE">Coded Value</domtype><mrgtype Sync="TRUE">Default value</mrgtype><splttype Sync="TRUE">Default value</splttype><domowner Sync="TRUE">GISDBA</domowner><domfldtp Sync="TRUE">SmallInteger</domfldtp></stflddd></stfield><stfield><stfldnm Sync="TRUE">STATUS</stfldnm><stflddd><domname Sync="TRUE">Network Status</domname><domdesc Sync="TRUE"></domdesc><domtype Sync="TRUE">Coded Value</domtype><mrgtype Sync="TRUE">Default value</mrgtype><splttype Sync="TRUE">Duplicate</splttype><domowner Sync="TRUE">GISDBA</domowner><domfldtp Sync="TRUE">String</domfldtp></stflddd></stfield><stfield><stfldnm Sync="TRUE">NOMINALDIAMETER</stfldnm><stflddd><domname Sync="TRUE">Pipe Size</domname><domdesc Sync="TRUE"></domdesc><domtype Sync="TRUE">Coded Value</domtype><mrgtype Sync="TRUE">Default value</mrgtype><splttype Sync="TRUE">Duplicate</splttype><domowner Sync="TRUE">GISDBA</domowner><domfldtp Sync="TRUE">String</domfldtp></stflddd></stfield><stfield><stfldnm Sync="TRUE">NOMINALDIAMETERUNITS</stfldnm><stflddv Sync="TRUE">MM</stflddv></stfield><stfield><stfldnm Sync="TRUE">MATERIAL</stfldnm><stflddd><domname Sync="TRUE">Pipe Material</domname><domdesc Sync="TRUE"></domdesc><domtype Sync="TRUE">Coded Value</domtype><mrgtype Sync="TRUE">Default value</mrgtype><splttype Sync="TRUE">Duplicate</splttype><domowner Sync="TRUE">GISDBA</domowner><domfldtp Sync="TRUE">String</domfldtp></stflddd></stfield><stfield><stfldnm Sync="TRUE">COATINGTYPE</stfldnm><stflddd><domname Sync="TRUE">Coating Type</domname><domdesc Sync="TRUE">Material Coating types</domdesc><domtype Sync="TRUE">Coded Value</domtype><mrgtype Sync="TRUE">Default value</mrgtype><splttype Sync="TRUE">Duplicate</splttype><domowner Sync="TRUE">GISDBA</domowner><domfldtp Sync="TRUE">String</domfldtp></stflddd></stfield><stfield><stfldnm Sync="TRUE">CPSYSTEMSTATUS</stfldnm><stflddv Sync="TRUE">1</stflddv><stflddd><domname Sync="TRUE">CP System Status</domname><domdesc Sync="TRUE"></domdesc><domtype Sync="TRUE">Coded Value</domtype><mrgtype Sync="TRUE">Default value</mrgtype><splttype Sync="TRUE">Duplicate</splttype><domowner Sync="TRUE">GISDBA</domowner><domfldtp Sync="TRUE">Integer</domfldtp></stflddd></stfield><stfield><stfldnm Sync="TRUE">ELECTRICSURVEYINDICATOR</stfldnm><stflddd><domname Sync="TRUE">Yes/No Indicator</domname><domdesc Sync="TRUE"></domdesc><domtype Sync="TRUE">Coded Value</domtype><mrgtype Sync="TRUE">Default value</mrgtype><splttype Sync="TRUE">Duplicate</splttype><domowner Sync="TRUE">GISDBA</domowner><domfldtp Sync="TRUE">String</domfldtp></stflddd></stfield><stfield><stfldnm Sync="TRUE">PIPESTATUSINDICATOR</stfldnm><stflddv Sync="TRUE">1</stflddv><stflddd><domname Sync="TRUE">Normal Position</domname><domdesc Sync="TRUE"></domdesc><domtype Sync="TRUE">Coded Value</domtype><mrgtype Sync="TRUE">Default value</mrgtype><splttype Sync="TRUE">Duplicate</splttype><domowner Sync="TRUE">GISDBA</domowner><domfldtp Sync="TRUE">Integer</domfldtp></stflddd></stfield><stfield><stfldnm Sync="TRUE">PIPETESTTYPE</stfldnm><stflddd><domname Sync="TRUE">Pipe Test Type</domname><domdesc Sync="TRUE"></domdesc><domtype Sync="TRUE">Coded Value</domtype><mrgtype Sync="TRUE">Default value</mrgtype><splttype Sync="TRUE">Duplicate</splttype><domowner Sync="TRUE">GISDBA</domowner><domfldtp Sync="TRUE">String</domfldtp></stflddd></stfield><stfield><stfldnm Sync="TRUE">PIPETYPE</stfldnm><stflddv Sync="TRUE">NP</stflddv><stflddd><domname Sync="TRUE">Pipe Type</domname><domdesc Sync="TRUE"></domdesc><domtype Sync="TRUE">Coded Value</domtype><mrgtype Sync="TRUE">Default value</mrgtype><splttype Sync="TRUE">Duplicate</splttype><domowner Sync="TRUE">GISDBA</domowner><domfldtp Sync="TRUE">String</domfldtp></stflddd></stfield><stfield><stfldnm Sync="TRUE">SOPRANGE</stfldnm><stflddd><domname Sync="TRUE">Gas Pipe SOP Range</domname><domdesc Sync="TRUE"></domdesc><domtype Sync="TRUE">Coded Value</domtype><mrgtype Sync="TRUE">Default value</mrgtype><splttype Sync="TRUE">Duplicate</splttype><domowner Sync="TRUE">GISDBA</domowner><domfldtp Sync="TRUE">String</domfldtp></stflddd><stflddv Sync="TRUE">60 - 350</stflddv></stfield><stfield><stfldnm Sync="TRUE">SOPUNITOFMEASURE</stfldnm><stflddd><domname Sync="TRUE">Length Source</domname><domdesc Sync="TRUE"></domdesc><domtype Sync="TRUE">Coded Value</domtype><mrgtype Sync="TRUE">Default value</mrgtype><splttype Sync="TRUE">Duplicate</splttype><domowner Sync="TRUE">gisdba</domowner><domfldtp Sync="TRUE">String</domfldtp></stflddd><stflddv Sync="TRUE">kPa</stflddv></stfield><stfield><stfldnm Sync="TRUE">MEASUREDLENGTH</stfldnm><stflddd><domname Sync="TRUE">Measured Length</domname><domdesc Sync="TRUE"></domdesc><domtype Sync="TRUE">Range</domtype><mrgtype Sync="TRUE">Sum values</mrgtype><splttype Sync="TRUE">Geometry ratio</splttype><domowner Sync="TRUE">GISDBA</domowner><domfldtp Sync="TRUE">Double</domfldtp></stflddd></stfield><stfield><stfldnm Sync="TRUE">LENGTHSOURCE</stfldnm><stflddd><domname Sync="TRUE">Length Source</domname><domdesc Sync="TRUE"></domdesc><domtype Sync="TRUE">Coded Value</domtype><mrgtype Sync="TRUE">Default value</mrgtype><splttype Sync="TRUE">Duplicate</splttype><domowner Sync="TRUE">GISDBA</domowner><domfldtp Sync="TRUE">String</domfldtp></stflddd><stflddv Sync="TRUE">MS</stflddv></stfield><stfield><stfldnm Sync="TRUE">MOAP</stfldnm><stflddv Sync="TRUE">350</stflddv><stflddd><domname Sync="TRUE">Gas Pipe MAOP</domname><domdesc Sync="TRUE"></domdesc><domtype Sync="TRUE">Coded Value</domtype><mrgtype Sync="TRUE">Default value</mrgtype><splttype Sync="TRUE">Duplicate</splttype><domowner Sync="TRUE">GISDBA</domowner><domfldtp Sync="TRUE">Integer</domfldtp></stflddd></stfield><stfield><stfldnm Sync="TRUE">GAS_TYPE</stfldnm><stflddd><domname Sync="TRUE">Gas Type</domname><domdesc Sync="TRUE">The gas running through the pipes</domdesc><domtype Sync="TRUE">Coded Value</domtype><mrgtype Sync="TRUE">Default value</mrgtype><splttype Sync="TRUE">Duplicate</splttype><domowner Sync="TRUE">GISDBA</domowner><domfldtp Sync="TRUE">String</domfldtp></stflddd></stfield><stfield><stfldnm Sync="TRUE">CMN_TRENCH_CD</stfldnm><stflddd><domname Sync="TRUE">Yes/No Indicator</domname><domdesc Sync="TRUE"></domdesc><domtype Sync="TRUE">Coded Value</domtype><mrgtype Sync="TRUE">Default value</mrgtype><splttype Sync="TRUE">Duplicate</splttype><domowner Sync="TRUE">GISDBA</domowner><domfldtp Sync="TRUE">String</domfldtp></stflddd></stfield><stfield><stfldnm Sync="TRUE">MAINTYPE</stfldnm><stflddd><domname Sync="TRUE">Relay Code</domname><domdesc Sync="TRUE">Similar to Common Trench Code</domdesc><domtype Sync="TRUE">Coded Value</domtype><mrgtype Sync="TRUE">Default value</mrgtype><splttype Sync="TRUE">Duplicate</splttype><domowner Sync="TRUE">gisdba</domowner><domfldtp Sync="TRUE">String</domfldtp></stflddd><stflddv Sync="TRUE">2</stflddv></stfield><stfield><stfldnm Sync="TRUE">CRITICALINDICATOR</stfldnm><stflddd><domname Sync="TRUE">Yes/No Indicator</domname><domdesc Sync="TRUE"></domdesc><domtype Sync="TRUE">Coded Value</domtype><mrgtype Sync="TRUE">Default value</mrgtype><splttype Sync="TRUE">Duplicate</splttype><domowner Sync="TRUE">GISDBA</domowner><domfldtp Sync="TRUE">String</domfldtp></stflddd></stfield><stfield><stfldnm Sync="TRUE">CROSSINGTYPE</stfldnm><stflddv Sync="TRUE">PEHP</stflddv><stflddd><domname Sync="TRUE">Pipe Crossing Type</domname><domdesc Sync="TRUE"></domdesc><domtype Sync="TRUE">Coded Value</domtype><mrgtype Sync="TRUE">Default value</mrgtype><splttype Sync="TRUE">Duplicate</splttype><domowner Sync="TRUE">GISDBA</domowner><domfldtp Sync="TRUE">String</domfldtp></stflddd></stfield><stfield><stfldnm Sync="TRUE">RELAY_CD</stfldnm><stflddd><domname Sync="TRUE">Relay Code</domname><domdesc Sync="TRUE">Similar to Common Trench Code</domdesc><domtype Sync="TRUE">Coded Value</domtype><mrgtype Sync="TRUE">Default value</mrgtype><splttype Sync="TRUE">Duplicate</splttype><domowner Sync="TRUE">GISDBA</domowner><domfldtp Sync="TRUE">String</domfldtp></stflddd></stfield><stfield><stfldnm Sync="TRUE">BONDEDINDICATOR</stfldnm><stflddd><domname Sync="TRUE">Yes/No Indicator</domname><domdesc Sync="TRUE"></domdesc><domtype Sync="TRUE">Coded Value</domtype><mrgtype Sync="TRUE">Default value</mrgtype><splttype Sync="TRUE">Duplicate</splttype><domowner Sync="TRUE">GISDBA</domowner><domfldtp Sync="TRUE">String</domfldtp></stflddd></stfield><stfield><stfldnm Sync="TRUE">DIST_LEVEL</stfldnm><stflddv Sync="TRUE">PEHP</stflddv><stflddd><domname Sync="TRUE">PE High Pressure Level</domname><domdesc Sync="TRUE"></domdesc><domtype Sync="TRUE">Coded Value</domtype><mrgtype Sync="TRUE">Default value</mrgtype><splttype Sync="TRUE">Duplicate</splttype><domowner Sync="TRUE">GISDBA</domowner><domfldtp Sync="TRUE">String</domfldtp></stflddd></stfield><stfield><stfldnm Sync="TRUE">ACTUAL_MATERIAL</stfldnm><stflddd><domname Sync="TRUE">ActualMaterial</domname><domdesc Sync="TRUE">PIPE_NAME</domdesc><domtype Sync="TRUE">Coded Value</domtype><mrgtype Sync="TRUE">Default value</mrgtype><splttype Sync="TRUE">Duplicate</splttype><domowner Sync="TRUE">GISDBA</domowner><domfldtp Sync="TRUE">SmallInteger</domfldtp></stflddd></stfield></subtype><subtype><stname Sync="TRUE">Medium Pressure Main</stname><stcode Sync="TRUE">3</stcode><stfield><stfldnm Sync="TRUE">ENABLED</stfldnm><stflddv Sync="TRUE">1</stflddv><stflddd><domname Sync="TRUE">EnabledDomain</domname><domdesc Sync="TRUE"></domdesc><domtype Sync="TRUE">Coded Value</domtype><mrgtype Sync="TRUE">Default value</mrgtype><splttype Sync="TRUE">Default value</splttype><domowner Sync="TRUE">GISDBA</domowner><domfldtp Sync="TRUE">SmallInteger</domfldtp></stflddd></stfield><stfield><stfldnm Sync="TRUE">STATUS</stfldnm><stflddd><domname Sync="TRUE">Network Status</domname><domdesc Sync="TRUE"></domdesc><domtype Sync="TRUE">Coded Value</domtype><mrgtype Sync="TRUE">Default value</mrgtype><splttype Sync="TRUE">Duplicate</splttype><domowner Sync="TRUE">GISDBA</domowner><domfldtp Sync="TRUE">String</domfldtp></stflddd></stfield><stfield><stfldnm Sync="TRUE">NOMINALDIAMETER</stfldnm><stflddd><domname Sync="TRUE">Pipe Size</domname><domdesc Sync="TRUE"></domdesc><domtype Sync="TRUE">Coded Value</domtype><mrgtype Sync="TRUE">Default value</mrgtype><splttype Sync="TRUE">Duplicate</splttype><domowner Sync="TRUE">GISDBA</domowner><domfldtp Sync="TRUE">String</domfldtp></stflddd></stfield><stfield><stfldnm Sync="TRUE">NOMINALDIAMETERUNITS</stfldnm><stflddv Sync="TRUE">MM</stflddv></stfield><stfield><stfldnm Sync="TRUE">MATERIAL</stfldnm><stflddd><domname Sync="TRUE">Pipe Material</domname><domdesc Sync="TRUE"></domdesc><domtype Sync="TRUE">Coded Value</domtype><mrgtype Sync="TRUE">Default value</mrgtype><splttype Sync="TRUE">Duplicate</splttype><domowner Sync="TRUE">GISDBA</domowner><domfldtp Sync="TRUE">String</domfldtp></stflddd></stfield><stfield><stfldnm Sync="TRUE">COATINGTYPE</stfldnm><stflddd><domname Sync="TRUE">Coating Type</domname><domdesc Sync="TRUE">Material Coating types</domdesc><domtype Sync="TRUE">Coded Value</domtype><mrgtype Sync="TRUE">Default value</mrgtype><splttype Sync="TRUE">Duplicate</splttype><domowner Sync="TRUE">GISDBA</domowner><domfldtp Sync="TRUE">String</domfldtp></stflddd></stfield><stfield><stfldnm Sync="TRUE">CPSYSTEMSTATUS</stfldnm><stflddv Sync="TRUE">1</stflddv><stflddd><domname Sync="TRUE">CP System Status</domname><domdesc Sync="TRUE"></domdesc><domtype Sync="TRUE">Coded Value</domtype><mrgtype Sync="TRUE">Default value</mrgtype><splttype Sync="TRUE">Duplicate</splttype><domowner Sync="TRUE">GISDBA</domowner><domfldtp Sync="TRUE">Integer</domfldtp></stflddd></stfield><stfield><stfldnm Sync="TRUE">ELECTRICSURVEYINDICATOR</stfldnm><stflddd><domname Sync="TRUE">Yes/No Indicator</domname><domdesc Sync="TRUE"></domdesc><domtype Sync="TRUE">Coded Value</domtype><mrgtype Sync="TRUE">Default value</mrgtype><splttype Sync="TRUE">Duplicate</splttype><domowner Sync="TRUE">GISDBA</domowner><domfldtp Sync="TRUE">String</domfldtp></stflddd></stfield><stfield><stfldnm Sync="TRUE">PIPESTATUSINDICATOR</stfldnm><stflddv Sync="TRUE">1</stflddv><stflddd><domname Sync="TRUE">Normal Position</domname><domdesc Sync="TRUE"></domdesc><domtype Sync="TRUE">Coded Value</domtype><mrgtype Sync="TRUE">Default value</mrgtype><splttype Sync="TRUE">Duplicate</splttype><domowner Sync="TRUE">GISDBA</domowner><domfldtp Sync="TRUE">Integer</domfldtp></stflddd></stfield><stfield><stfldnm Sync="TRUE">PIPETESTTYPE</stfldnm><stflddd><domname Sync="TRUE">Pipe Test Type</domname><domdesc Sync="TRUE"></domdesc><domtype Sync="TRUE">Coded Value</domtype><mrgtype Sync="TRUE">Default value</mrgtype><splttype Sync="TRUE">Duplicate</splttype><domowner Sync="TRUE">GISDBA</domowner><domfldtp Sync="TRUE">String</domfldtp></stflddd></stfield><stfield><stfldnm Sync="TRUE">PIPETYPE</stfldnm><stflddv Sync="TRUE">NP</stflddv><stflddd><domname Sync="TRUE">Pipe Type</domname><domdesc Sync="TRUE"></domdesc><domtype Sync="TRUE">Coded Value</domtype><mrgtype Sync="TRUE">Default value</mrgtype><splttype Sync="TRUE">Duplicate</splttype><domowner Sync="TRUE">GISDBA</domowner><domfldtp Sync="TRUE">String</domfldtp></stflddd></stfield><stfield><stfldnm Sync="TRUE">SOPRANGE</stfldnm><stflddd><domname Sync="TRUE">Gas Pipe SOP Range</domname><domdesc Sync="TRUE"></domdesc><domtype Sync="TRUE">Coded Value</domtype><mrgtype Sync="TRUE">Default value</mrgtype><splttype Sync="TRUE">Duplicate</splttype><domowner Sync="TRUE">GISDBA</domowner><domfldtp Sync="TRUE">String</domfldtp></stflddd><stflddv Sync="TRUE">15 - 70</stflddv></stfield><stfield><stfldnm Sync="TRUE">SOPUNITOFMEASURE</stfldnm><stflddd><domname Sync="TRUE">Length Source</domname><domdesc Sync="TRUE"></domdesc><domtype Sync="TRUE">Coded Value</domtype><mrgtype Sync="TRUE">Default value</mrgtype><splttype Sync="TRUE">Duplicate</splttype><domowner Sync="TRUE">gisdba</domowner><domfldtp Sync="TRUE">String</domfldtp></stflddd><stflddv Sync="TRUE">kPa</stflddv></stfield><stfield><stfldnm Sync="TRUE">MEASUREDLENGTH</stfldnm><stflddd><domname Sync="TRUE">Measured Length</domname><domdesc Sync="TRUE"></domdesc><domtype Sync="TRUE">Range</domtype><mrgtype Sync="TRUE">Sum values</mrgtype><splttype Sync="TRUE">Geometry ratio</splttype><domowner Sync="TRUE">GISDBA</domowner><domfldtp Sync="TRUE">Double</domfldtp></stflddd></stfield><stfield><stfldnm Sync="TRUE">LENGTHSOURCE</stfldnm><stflddd><domname Sync="TRUE">Length Source</domname><domdesc Sync="TRUE"></domdesc><domtype Sync="TRUE">Coded Value</domtype><mrgtype Sync="TRUE">Default value</mrgtype><splttype Sync="TRUE">Duplicate</splttype><domowner Sync="TRUE">GISDBA</domowner><domfldtp Sync="TRUE">String</domfldtp></stflddd><stflddv Sync="TRUE">MS</stflddv></stfield><stfield><stfldnm Sync="TRUE">MOAP</stfldnm><stflddv Sync="TRUE">70</stflddv><stflddd><domname Sync="TRUE">Gas Pipe MAOP</domname><domdesc Sync="TRUE"></domdesc><domtype Sync="TRUE">Coded Value</domtype><mrgtype Sync="TRUE">Default value</mrgtype><splttype Sync="TRUE">Duplicate</splttype><domowner Sync="TRUE">GISDBA</domowner><domfldtp Sync="TRUE">Integer</domfldtp></stflddd></stfield><stfield><stfldnm Sync="TRUE">GAS_TYPE</stfldnm><stflddd><domname Sync="TRUE">Gas Type</domname><domdesc Sync="TRUE">The gas running through the pipes</domdesc><domtype Sync="TRUE">Coded Value</domtype><mrgtype Sync="TRUE">Default value</mrgtype><splttype Sync="TRUE">Duplicate</splttype><domowner Sync="TRUE">GISDBA</domowner><domfldtp Sync="TRUE">String</domfldtp></stflddd></stfield><stfield><stfldnm Sync="TRUE">CMN_TRENCH_CD</stfldnm><stflddd><domname Sync="TRUE">Yes/No Indicator</domname><domdesc Sync="TRUE"></domdesc><domtype Sync="TRUE">Coded Value</domtype><mrgtype Sync="TRUE">Default value</mrgtype><splttype Sync="TRUE">Duplicate</splttype><domowner Sync="TRUE">GISDBA</domowner><domfldtp Sync="TRUE">String</domfldtp></stflddd></stfield><stfield><stfldnm Sync="TRUE">MAINTYPE</stfldnm><stflddd><domname Sync="TRUE">Relay Code</domname><domdesc Sync="TRUE">Similar to Common Trench Code</domdesc><domtype Sync="TRUE">Coded Value</domtype><mrgtype Sync="TRUE">Default value</mrgtype><splttype Sync="TRUE">Duplicate</splttype><domowner Sync="TRUE">gisdba</domowner><domfldtp Sync="TRUE">String</domfldtp></stflddd><stflddv Sync="TRUE">3</stflddv></stfield><stfield><stfldnm Sync="TRUE">CRITICALINDICATOR</stfldnm><stflddd><domname Sync="TRUE">Yes/No Indicator</domname><domdesc Sync="TRUE"></domdesc><domtype Sync="TRUE">Coded Value</domtype><mrgtype Sync="TRUE">Default value</mrgtype><splttype Sync="TRUE">Duplicate</splttype><domowner Sync="TRUE">GISDBA</domowner><domfldtp Sync="TRUE">String</domfldtp></stflddd></stfield><stfield><stfldnm Sync="TRUE">CROSSINGTYPE</stfldnm><stflddv Sync="TRUE">MP</stflddv><stflddd><domname Sync="TRUE">Pipe Crossing Type</domname><domdesc Sync="TRUE"></domdesc><domtype Sync="TRUE">Coded Value</domtype><mrgtype Sync="TRUE">Default value</mrgtype><splttype Sync="TRUE">Duplicate</splttype><domowner Sync="TRUE">GISDBA</domowner><domfldtp Sync="TRUE">String</domfldtp></stflddd></stfield><stfield><stfldnm Sync="TRUE">RELAY_CD</stfldnm><stflddd><domname Sync="TRUE">Relay Code</domname><domdesc Sync="TRUE">Similar to Common Trench Code</domdesc><domtype Sync="TRUE">Coded Value</domtype><mrgtype Sync="TRUE">Default value</mrgtype><splttype Sync="TRUE">Duplicate</splttype><domowner Sync="TRUE">GISDBA</domowner><domfldtp Sync="TRUE">String</domfldtp></stflddd></stfield><stfield><stfldnm Sync="TRUE">BONDEDINDICATOR</stfldnm><stflddd><domname Sync="TRUE">Yes/No Indicator</domname><domdesc Sync="TRUE"></domdesc><domtype Sync="TRUE">Coded Value</domtype><mrgtype Sync="TRUE">Default value</mrgtype><splttype Sync="TRUE">Duplicate</splttype><domowner Sync="TRUE">GISDBA</domowner><domfldtp Sync="TRUE">String</domfldtp></stflddd></stfield><stfield><stfldnm Sync="TRUE">DIST_LEVEL</stfldnm><stflddv Sync="TRUE">MP</stflddv><stflddd><domname Sync="TRUE">Medium Pressure Level</domname><domdesc Sync="TRUE"></domdesc><domtype Sync="TRUE">Coded Value</domtype><mrgtype Sync="TRUE">Default value</mrgtype><splttype Sync="TRUE">Duplicate</splttype><domowner Sync="TRUE">GISDBA</domowner><domfldtp Sync="TRUE">String</domfldtp></stflddd></stfield><stfield><stfldnm Sync="TRUE">ACTUAL_MATERIAL</stfldnm><stflddd><domname Sync="TRUE">ActualMaterial</domname><domdesc Sync="TRUE">PIPE_NAME</domdesc><domtype Sync="TRUE">Coded Value</domtype><mrgtype Sync="TRUE">Default value</mrgtype><splttype Sync="TRUE">Duplicate</splttype><domowner Sync="TRUE">GISDBA</domowner><domfldtp Sync="TRUE">SmallInteger</domfldtp></stflddd></stfield></subtype><subtype><stname Sync="TRUE">Medium Low Pressure Main</stname><stcode Sync="TRUE">4</stcode><stfield><stfldnm Sync="TRUE">ENABLED</stfldnm><stflddv Sync="TRUE">1</stflddv><stflddd><domname Sync="TRUE">EnabledDomain</domname><domdesc Sync="TRUE"></domdesc><domtype Sync="TRUE">Coded Value</domtype><mrgtype Sync="TRUE">Default value</mrgtype><splttype Sync="TRUE">Default value</splttype><domowner Sync="TRUE">GISDBA</domowner><domfldtp Sync="TRUE">SmallInteger</domfldtp></stflddd></stfield><stfield><stfldnm Sync="TRUE">STATUS</stfldnm><stflddd><domname Sync="TRUE">Network Status</domname><domdesc Sync="TRUE"></domdesc><domtype Sync="TRUE">Coded Value</domtype><mrgtype Sync="TRUE">Default value</mrgtype><splttype Sync="TRUE">Duplicate</splttype><domowner Sync="TRUE">GISDBA</domowner><domfldtp Sync="TRUE">String</domfldtp></stflddd></stfield><stfield><stfldnm Sync="TRUE">NOMINALDIAMETER</stfldnm><stflddd><domname Sync="TRUE">Pipe Size</domname><domdesc Sync="TRUE"></domdesc><domtype Sync="TRUE">Coded Value</domtype><mrgtype Sync="TRUE">Default value</mrgtype><splttype Sync="TRUE">Duplicate</splttype><domowner Sync="TRUE">GISDBA</domowner><domfldtp Sync="TRUE">String</domfldtp></stflddd></stfield><stfield><stfldnm Sync="TRUE">NOMINALDIAMETERUNITS</stfldnm><stflddv Sync="TRUE">MM</stflddv></stfield><stfield><stfldnm Sync="TRUE">MATERIAL</stfldnm><stflddd><domname Sync="TRUE">Pipe Material</domname><domdesc Sync="TRUE"></domdesc><domtype Sync="TRUE">Coded Value</domtype><mrgtype Sync="TRUE">Default value</mrgtype><splttype Sync="TRUE">Duplicate</splttype><domowner Sync="TRUE">GISDBA</domowner><domfldtp Sync="TRUE">String</domfldtp></stflddd></stfield><stfield><stfldnm Sync="TRUE">COATINGTYPE</stfldnm><stflddd><domname Sync="TRUE">Coating Type</domname><domdesc Sync="TRUE">Material Coating types</domdesc><domtype Sync="TRUE">Coded Value</domtype><mrgtype Sync="TRUE">Default value</mrgtype><splttype Sync="TRUE">Duplicate</splttype><domowner Sync="TRUE">GISDBA</domowner><domfldtp Sync="TRUE">String</domfldtp></stflddd></stfield><stfield><stfldnm Sync="TRUE">CPSYSTEMSTATUS</stfldnm><stflddv Sync="TRUE">1</stflddv><stflddd><domname Sync="TRUE">CP System Status</domname><domdesc Sync="TRUE"></domdesc><domtype Sync="TRUE">Coded Value</domtype><mrgtype Sync="TRUE">Default value</mrgtype><splttype Sync="TRUE">Duplicate</splttype><domowner Sync="TRUE">GISDBA</domowner><domfldtp Sync="TRUE">Integer</domfldtp></stflddd></stfield><stfield><stfldnm Sync="TRUE">ELECTRICSURVEYINDICATOR</stfldnm><stflddd><domname Sync="TRUE">Yes/No Indicator</domname><domdesc Sync="TRUE"></domdesc><domtype Sync="TRUE">Coded Value</domtype><mrgtype Sync="TRUE">Default value</mrgtype><splttype Sync="TRUE">Duplicate</splttype><domowner Sync="TRUE">GISDBA</domowner><domfldtp Sync="TRUE">String</domfldtp></stflddd></stfield><stfield><stfldnm Sync="TRUE">PIPESTATUSINDICATOR</stfldnm><stflddv Sync="TRUE">1</stflddv><stflddd><domname Sync="TRUE">Normal Position</domname><domdesc Sync="TRUE"></domdesc><domtype Sync="TRUE">Coded Value</domtype><mrgtype Sync="TRUE">Default value</mrgtype><splttype Sync="TRUE">Duplicate</splttype><domowner Sync="TRUE">GISDBA</domowner><domfldtp Sync="TRUE">Integer</domfldtp></stflddd></stfield><stfield><stfldnm Sync="TRUE">PIPETESTTYPE</stfldnm><stflddd><domname Sync="TRUE">Pipe Test Type</domname><domdesc Sync="TRUE"></domdesc><domtype Sync="TRUE">Coded Value</domtype><mrgtype Sync="TRUE">Default value</mrgtype><splttype Sync="TRUE">Duplicate</splttype><domowner Sync="TRUE">GISDBA</domowner><domfldtp Sync="TRUE">String</domfldtp></stflddd></stfield><stfield><stfldnm Sync="TRUE">PIPETYPE</stfldnm><stflddv Sync="TRUE">NP</stflddv><stflddd><domname Sync="TRUE">Pipe Type</domname><domdesc Sync="TRUE"></domdesc><domtype Sync="TRUE">Coded Value</domtype><mrgtype Sync="TRUE">Default value</mrgtype><splttype Sync="TRUE">Duplicate</splttype><domowner Sync="TRUE">GISDBA</domowner><domfldtp Sync="TRUE">String</domfldtp></stflddd></stfield><stfield><stfldnm Sync="TRUE">SOPRANGE</stfldnm><stflddd><domname Sync="TRUE">Gas Pipe SOP Range</domname><domdesc Sync="TRUE"></domdesc><domtype Sync="TRUE">Coded Value</domtype><mrgtype Sync="TRUE">Default value</mrgtype><splttype Sync="TRUE">Duplicate</splttype><domowner Sync="TRUE">GISDBA</domowner><domfldtp Sync="TRUE">String</domfldtp></stflddd><stflddv Sync="TRUE">2 - 7</stflddv></stfield><stfield><stfldnm Sync="TRUE">SOPUNITOFMEASURE</stfldnm><stflddd><domname Sync="TRUE">Length Source</domname><domdesc Sync="TRUE"></domdesc><domtype Sync="TRUE">Coded Value</domtype><mrgtype Sync="TRUE">Default value</mrgtype><splttype Sync="TRUE">Duplicate</splttype><domowner Sync="TRUE">gisdba</domowner><domfldtp Sync="TRUE">String</domfldtp></stflddd><stflddv Sync="TRUE">kPa</stflddv></stfield><stfield><stfldnm Sync="TRUE">MEASUREDLENGTH</stfldnm><stflddd><domname Sync="TRUE">Measured Length</domname><domdesc Sync="TRUE"></domdesc><domtype Sync="TRUE">Range</domtype><mrgtype Sync="TRUE">Sum values</mrgtype><splttype Sync="TRUE">Geometry ratio</splttype><domowner Sync="TRUE">GISDBA</domowner><domfldtp Sync="TRUE">Double</domfldtp></stflddd></stfield><stfield><stfldnm Sync="TRUE">LENGTHSOURCE</stfldnm><stflddd><domname Sync="TRUE">Length Source</domname><domdesc Sync="TRUE"></domdesc><domtype Sync="TRUE">Coded Value</domtype><mrgtype Sync="TRUE">Default value</mrgtype><splttype Sync="TRUE">Duplicate</splttype><domowner Sync="TRUE">GISDBA</domowner><domfldtp Sync="TRUE">String</domfldtp></stflddd><stflddv Sync="TRUE">MS</stflddv></stfield><stfield><stfldnm Sync="TRUE">MOAP</stfldnm><stflddv Sync="TRUE">7</stflddv><stflddd><domname Sync="TRUE">Gas Pipe MAOP</domname><domdesc Sync="TRUE"></domdesc><domtype Sync="TRUE">Coded Value</domtype><mrgtype Sync="TRUE">Default value</mrgtype><splttype Sync="TRUE">Duplicate</splttype><domowner Sync="TRUE">GISDBA</domowner><domfldtp Sync="TRUE">Integer</domfldtp></stflddd></stfield><stfield><stfldnm Sync="TRUE">GAS_TYPE</stfldnm><stflddd><domname Sync="TRUE">Gas Type</domname><domdesc Sync="TRUE">The gas running through the pipes</domdesc><domtype Sync="TRUE">Coded Value</domtype><mrgtype Sync="TRUE">Default value</mrgtype><splttype Sync="TRUE">Duplicate</splttype><domowner Sync="TRUE">GISDBA</domowner><domfldtp Sync="TRUE">String</domfldtp></stflddd></stfield><stfield><stfldnm Sync="TRUE">CMN_TRENCH_CD</stfldnm><stflddd><domname Sync="TRUE">Yes/No Indicator</domname><domdesc Sync="TRUE"></domdesc><domtype Sync="TRUE">Coded Value</domtype><mrgtype Sync="TRUE">Default value</mrgtype><splttype Sync="TRUE">Duplicate</splttype><domowner Sync="TRUE">GISDBA</domowner><domfldtp Sync="TRUE">String</domfldtp></stflddd></stfield><stfield><stfldnm Sync="TRUE">MAINTYPE</stfldnm><stflddd><domname Sync="TRUE">Relay Code</domname><domdesc Sync="TRUE">Similar to Common Trench Code</domdesc><domtype Sync="TRUE">Coded Value</domtype><mrgtype Sync="TRUE">Default value</mrgtype><splttype Sync="TRUE">Duplicate</splttype><domowner Sync="TRUE">gisdba</domowner><domfldtp Sync="TRUE">String</domfldtp></stflddd><stflddv Sync="TRUE">4</stflddv></stfield><stfield><stfldnm Sync="TRUE">CRITICALINDICATOR</stfldnm><stflddd><domname Sync="TRUE">Yes/No Indicator</domname><domdesc Sync="TRUE"></domdesc><domtype Sync="TRUE">Coded Value</domtype><mrgtype Sync="TRUE">Default value</mrgtype><splttype Sync="TRUE">Duplicate</splttype><domowner Sync="TRUE">GISDBA</domowner><domfldtp Sync="TRUE">String</domfldtp></stflddd></stfield><stfield><stfldnm Sync="TRUE">CROSSINGTYPE</stfldnm><stflddv Sync="TRUE">MLP</stflddv><stflddd><domname Sync="TRUE">Pipe Crossing Type</domname><domdesc Sync="TRUE"></domdesc><domtype Sync="TRUE">Coded Value</domtype><mrgtype Sync="TRUE">Default value</mrgtype><splttype Sync="TRUE">Duplicate</splttype><domowner Sync="TRUE">GISDBA</domowner><domfldtp Sync="TRUE">String</domfldtp></stflddd></stfield><stfield><stfldnm Sync="TRUE">RELAY_CD</stfldnm><stflddd><domname Sync="TRUE">Relay Code</domname><domdesc Sync="TRUE">Similar to Common Trench Code</domdesc><domtype Sync="TRUE">Coded Value</domtype><mrgtype Sync="TRUE">Default value</mrgtype><splttype Sync="TRUE">Duplicate</splttype><domowner Sync="TRUE">GISDBA</domowner><domfldtp Sync="TRUE">String</domfldtp></stflddd></stfield><stfield><stfldnm Sync="TRUE">BONDEDINDICATOR</stfldnm><stflddd><domname Sync="TRUE">Yes/No Indicator</domname><domdesc Sync="TRUE"></domdesc><domtype Sync="TRUE">Coded Value</domtype><mrgtype Sync="TRUE">Default value</mrgtype><splttype Sync="TRUE">Duplicate</splttype><domowner Sync="TRUE">GISDBA</domowner><domfldtp Sync="TRUE">String</domfldtp></stflddd></stfield><stfield><stfldnm Sync="TRUE">DIST_LEVEL</stfldnm><stflddv Sync="TRUE">MLP</stflddv><stflddd><domname Sync="TRUE">Medium LowPressure Level</domname><domdesc Sync="TRUE"></domdesc><domtype Sync="TRUE">Coded Value</domtype><mrgtype Sync="TRUE">Default value</mrgtype><splttype Sync="TRUE">Duplicate</splttype><domowner Sync="TRUE">GISDBA</domowner><domfldtp Sync="TRUE">String</domfldtp></stflddd></stfield><stfield><stfldnm Sync="TRUE">ACTUAL_MATERIAL</stfldnm><stflddd><domname Sync="TRUE">ActualMaterial</domname><domdesc Sync="TRUE">PIPE_NAME</domdesc><domtype Sync="TRUE">Coded Value</domtype><mrgtype Sync="TRUE">Default value</mrgtype><splttype Sync="TRUE">Duplicate</splttype><domowner Sync="TRUE">GISDBA</domowner><domfldtp Sync="TRUE">SmallInteger</domfldtp></stflddd></stfield></subtype><subtype><stname Sync="TRUE">Low Pressure Main</stname><stcode Sync="TRUE">5</stcode><stfield><stfldnm Sync="TRUE">ENABLED</stfldnm><stflddv Sync="TRUE">1</stflddv><stflddd><domname Sync="TRUE">EnabledDomain</domname><domdesc Sync="TRUE"></domdesc><domtype Sync="TRUE">Coded Value</domtype><mrgtype Sync="TRUE">Default value</mrgtype><splttype Sync="TRUE">Default value</splttype><domowner Sync="TRUE">GISDBA</domowner><domfldtp Sync="TRUE">SmallInteger</domfldtp></stflddd></stfield><stfield><stfldnm Sync="TRUE">STATUS</stfldnm><stflddd><domname Sync="TRUE">Network Status</domname><domdesc Sync="TRUE"></domdesc><domtype Sync="TRUE">Coded Value</domtype><mrgtype Sync="TRUE">Default value</mrgtype><splttype Sync="TRUE">Duplicate</splttype><domowner Sync="TRUE">GISDBA</domowner><domfldtp Sync="TRUE">String</domfldtp></stflddd></stfield><stfield><stfldnm Sync="TRUE">NOMINALDIAMETER</stfldnm><stflddd><domname Sync="TRUE">Pipe Size</domname><domdesc Sync="TRUE"></domdesc><domtype Sync="TRUE">Coded Value</domtype><mrgtype Sync="TRUE">Default value</mrgtype><splttype Sync="TRUE">Duplicate</splttype><domowner Sync="TRUE">GISDBA</domowner><domfldtp Sync="TRUE">String</domfldtp></stflddd></stfield><stfield><stfldnm Sync="TRUE">NOMINALDIAMETERUNITS</stfldnm><stflddv Sync="TRUE">MM</stflddv></stfield><stfield><stfldnm Sync="TRUE">MATERIAL</stfldnm><stflddd><domname Sync="TRUE">Pipe Material</domname><domdesc Sync="TRUE"></domdesc><domtype Sync="TRUE">Coded Value</domtype><mrgtype Sync="TRUE">Default value</mrgtype><splttype Sync="TRUE">Duplicate</splttype><domowner Sync="TRUE">GISDBA</domowner><domfldtp Sync="TRUE">String</domfldtp></stflddd></stfield><stfield><stfldnm Sync="TRUE">COATINGTYPE</stfldnm><stflddd><domname Sync="TRUE">Coating Type</domname><domdesc Sync="TRUE">Material Coating types</domdesc><domtype Sync="TRUE">Coded Value</domtype><mrgtype Sync="TRUE">Default value</mrgtype><splttype Sync="TRUE">Duplicate</splttype><domowner Sync="TRUE">GISDBA</domowner><domfldtp Sync="TRUE">String</domfldtp></stflddd></stfield><stfield><stfldnm Sync="TRUE">CPSYSTEMSTATUS</stfldnm><stflddv Sync="TRUE">1</stflddv><stflddd><domname Sync="TRUE">CP System Status</domname><domdesc Sync="TRUE"></domdesc><domtype Sync="TRUE">Coded Value</domtype><mrgtype Sync="TRUE">Default value</mrgtype><splttype Sync="TRUE">Duplicate</splttype><domowner Sync="TRUE">GISDBA</domowner><domfldtp Sync="TRUE">Integer</domfldtp></stflddd></stfield><stfield><stfldnm Sync="TRUE">ELECTRICSURVEYINDICATOR</stfldnm><stflddd><domname Sync="TRUE">Yes/No Indicator</domname><domdesc Sync="TRUE"></domdesc><domtype Sync="TRUE">Coded Value</domtype><mrgtype Sync="TRUE">Default value</mrgtype><splttype Sync="TRUE">Duplicate</splttype><domowner Sync="TRUE">GISDBA</domowner><domfldtp Sync="TRUE">String</domfldtp></stflddd></stfield><stfield><stfldnm Sync="TRUE">PIPESTATUSINDICATOR</stfldnm><stflddv Sync="TRUE">1</stflddv><stflddd><domname Sync="TRUE">Normal Position</domname><domdesc Sync="TRUE"></domdesc><domtype Sync="TRUE">Coded Value</domtype><mrgtype Sync="TRUE">Default value</mrgtype><splttype Sync="TRUE">Duplicate</splttype><domowner Sync="TRUE">GISDBA</domowner><domfldtp Sync="TRUE">Integer</domfldtp></stflddd></stfield><stfield><stfldnm Sync="TRUE">PIPETESTTYPE</stfldnm><stflddd><domname Sync="TRUE">Pipe Test Type</domname><domdesc Sync="TRUE"></domdesc><domtype Sync="TRUE">Coded Value</domtype><mrgtype Sync="TRUE">Default value</mrgtype><splttype Sync="TRUE">Duplicate</splttype><domowner Sync="TRUE">GISDBA</domowner><domfldtp Sync="TRUE">String</domfldtp></stflddd></stfield><stfield><stfldnm Sync="TRUE">PIPETYPE</stfldnm><stflddv Sync="TRUE">NP</stflddv><stflddd><domname Sync="TRUE">Pipe Type</domname><domdesc Sync="TRUE"></domdesc><domtype Sync="TRUE">Coded Value</domtype><mrgtype Sync="TRUE">Default value</mrgtype><splttype Sync="TRUE">Duplicate</splttype><domowner Sync="TRUE">GISDBA</domowner><domfldtp Sync="TRUE">String</domfldtp></stflddd></stfield><stfield><stfldnm Sync="TRUE">SOPRANGE</stfldnm><stflddd><domname Sync="TRUE">Gas Pipe SOP Range</domname><domdesc Sync="TRUE"></domdesc><domtype Sync="TRUE">Coded Value</domtype><mrgtype Sync="TRUE">Default value</mrgtype><splttype Sync="TRUE">Duplicate</splttype><domowner Sync="TRUE">GISDBA</domowner><domfldtp Sync="TRUE">String</domfldtp></stflddd><stflddv Sync="TRUE">2 - 5</stflddv></stfield><stfield><stfldnm Sync="TRUE">SOPUNITOFMEASURE</stfldnm><stflddd><domname Sync="TRUE">Length Source</domname><domdesc Sync="TRUE"></domdesc><domtype Sync="TRUE">Coded Value</domtype><mrgtype Sync="TRUE">Default value</mrgtype><splttype Sync="TRUE">Duplicate</splttype><domowner Sync="TRUE">gisdba</domowner><domfldtp Sync="TRUE">String</domfldtp></stflddd><stflddv Sync="TRUE">kPa</stflddv></stfield><stfield><stfldnm Sync="TRUE">MEASUREDLENGTH</stfldnm><stflddd><domname Sync="TRUE">Measured Length</domname><domdesc Sync="TRUE"></domdesc><domtype Sync="TRUE">Range</domtype><mrgtype Sync="TRUE">Sum values</mrgtype><splttype Sync="TRUE">Geometry ratio</splttype><domowner Sync="TRUE">GISDBA</domowner><domfldtp Sync="TRUE">Double</domfldtp></stflddd></stfield><stfield><stfldnm Sync="TRUE">LENGTHSOURCE</stfldnm><stflddd><domname Sync="TRUE">Length Source</domname><domdesc Sync="TRUE"></domdesc><domtype Sync="TRUE">Coded Value</domtype><mrgtype Sync="TRUE">Default value</mrgtype><splttype Sync="TRUE">Duplicate</splttype><domowner Sync="TRUE">GISDBA</domowner><domfldtp Sync="TRUE">String</domfldtp></stflddd><stflddv Sync="TRUE">MS</stflddv></stfield><stfield><stfldnm Sync="TRUE">MOAP</stfldnm><stflddv Sync="TRUE">5</stflddv><stflddd><domname Sync="TRUE">Gas Pipe MAOP</domname><domdesc Sync="TRUE"></domdesc><domtype Sync="TRUE">Coded Value</domtype><mrgtype Sync="TRUE">Default value</mrgtype><splttype Sync="TRUE">Duplicate</splttype><domowner Sync="TRUE">GISDBA</domowner><domfldtp Sync="TRUE">Integer</domfldtp></stflddd></stfield><stfield><stfldnm Sync="TRUE">GAS_TYPE</stfldnm><stflddd><domname Sync="TRUE">Gas Type</domname><domdesc Sync="TRUE">The gas running through the pipes</domdesc><domtype Sync="TRUE">Coded Value</domtype><mrgtype Sync="TRUE">Default value</mrgtype><splttype Sync="TRUE">Duplicate</splttype><domowner Sync="TRUE">GISDBA</domowner><domfldtp Sync="TRUE">String</domfldtp></stflddd></stfield><stfield><stfldnm Sync="TRUE">CMN_TRENCH_CD</stfldnm><stflddd><domname Sync="TRUE">Yes/No Indicator</domname><domdesc Sync="TRUE"></domdesc><domtype Sync="TRUE">Coded Value</domtype><mrgtype Sync="TRUE">Default value</mrgtype><splttype Sync="TRUE">Duplicate</splttype><domowner Sync="TRUE">GISDBA</domowner><domfldtp Sync="TRUE">String</domfldtp></stflddd></stfield><stfield><stfldnm Sync="TRUE">MAINTYPE</stfldnm><stflddd><domname Sync="TRUE">Relay Code</domname><domdesc Sync="TRUE">Similar to Common Trench Code</domdesc><domtype Sync="TRUE">Coded Value</domtype><mrgtype Sync="TRUE">Default value</mrgtype><splttype Sync="TRUE">Duplicate</splttype><domowner Sync="TRUE">gisdba</domowner><domfldtp Sync="TRUE">String</domfldtp></stflddd><stflddv Sync="TRUE">5</stflddv></stfield><stfield><stfldnm Sync="TRUE">CRITICALINDICATOR</stfldnm><stflddd><domname Sync="TRUE">Yes/No Indicator</domname><domdesc Sync="TRUE"></domdesc><domtype Sync="TRUE">Coded Value</domtype><mrgtype Sync="TRUE">Default value</mrgtype><splttype Sync="TRUE">Duplicate</splttype><domowner Sync="TRUE">GISDBA</domowner><domfldtp Sync="TRUE">String</domfldtp></stflddd></stfield><stfield><stfldnm Sync="TRUE">CROSSINGTYPE</stfldnm><stflddv Sync="TRUE">LP</stflddv><stflddd><domname Sync="TRUE">Pipe Crossing Type</domname><domdesc Sync="TRUE"></domdesc><domtype Sync="TRUE">Coded Value</domtype><mrgtype Sync="TRUE">Default value</mrgtype><splttype Sync="TRUE">Duplicate</splttype><domowner Sync="TRUE">GISDBA</domowner><domfldtp Sync="TRUE">String</domfldtp></stflddd></stfield><stfield><stfldnm Sync="TRUE">RELAY_CD</stfldnm><stflddd><domname Sync="TRUE">Relay Code</domname><domdesc Sync="TRUE">Similar to Common Trench Code</domdesc><domtype Sync="TRUE">Coded Value</domtype><mrgtype Sync="TRUE">Default value</mrgtype><splttype Sync="TRUE">Duplicate</splttype><domowner Sync="TRUE">GISDBA</domowner><domfldtp Sync="TRUE">String</domfldtp></stflddd></stfield><stfield><stfldnm Sync="TRUE">BONDEDINDICATOR</stfldnm><stflddd><domname Sync="TRUE">Yes/No Indicator</domname><domdesc Sync="TRUE"></domdesc><domtype Sync="TRUE">Coded Value</domtype><mrgtype Sync="TRUE">Default value</mrgtype><splttype Sync="TRUE">Duplicate</splttype><domowner Sync="TRUE">GISDBA</domowner><domfldtp Sync="TRUE">String</domfldtp></stflddd></stfield><stfield><stfldnm Sync="TRUE">DIST_LEVEL</stfldnm><stflddv Sync="TRUE">LP</stflddv><stflddd><domname Sync="TRUE">LowPressure Level</domname><domdesc Sync="TRUE"></domdesc><domtype Sync="TRUE">Coded Value</domtype><mrgtype Sync="TRUE">Default value</mrgtype><splttype Sync="TRUE">Duplicate</splttype><domowner Sync="TRUE">GISDBA</domowner><domfldtp Sync="TRUE">String</domfldtp></stflddd></stfield><stfield><stfldnm Sync="TRUE">ACTUAL_MATERIAL</stfldnm><stflddd><domname Sync="TRUE">ActualMaterial</domname><domdesc Sync="TRUE">PIPE_NAME</domdesc><domtype Sync="TRUE">Coded Value</domtype><mrgtype Sync="TRUE">Default value</mrgtype><splttype Sync="TRUE">Duplicate</splttype><domowner Sync="TRUE">GISDBA</domowner><domfldtp Sync="TRUE">SmallInteger</domfldtp></stflddd></stfield></subtype><attr><attrlabl Sync="TRUE">GLOBALID</attrlabl><attalias Sync="TRUE">GLOBALID</attalias><attrtype Sync="TRUE">GlobalID</attrtype><attwidth Sync="TRUE">38</attwidth><atprecis Sync="TRUE">0</atprecis><attscale Sync="TRUE">0</attscale></attr><attr><attrlabl Sync="TRUE">ACTUALEXTERNALDIAMETER</attrlabl><attalias Sync="TRUE">Actual External Diameter</attalias><attrtype Sync="TRUE">Double</attrtype><attwidth Sync="TRUE">8</attwidth><atprecis Sync="TRUE">38</atprecis><attscale Sync="TRUE">8</attscale></attr><attr><attrlabl Sync="TRUE">AUSTRALIAN_STANDARD</attrlabl><attalias Sync="TRUE">Australian Standard</attalias><attrtype Sync="TRUE">String</attrtype><attwidth Sync="TRUE">10</attwidth><atprecis Sync="TRUE">0</atprecis><attscale Sync="TRUE">0</attscale></attr><attr><attrlabl Sync="TRUE">SDR</attrlabl><attalias Sync="TRUE">SDR</attalias><attrtype Sync="TRUE">Double</attrtype><attwidth Sync="TRUE">8</attwidth><atprecis Sync="TRUE">38</atprecis><attscale Sync="TRUE">8</attscale></attr><attr><attrlabl Sync="TRUE">MATERIAL_TYPE</attrlabl><attalias Sync="TRUE">Material Type</attalias><attrtype Sync="TRUE">String</attrtype><attwidth Sync="TRUE">32</attwidth><atprecis Sync="TRUE">0</atprecis><attscale Sync="TRUE">0</attscale></attr><subtype><stname Sync="TRUE">High Pressure Main</stname><stcode Sync="TRUE">1</stcode><stfield><stfldnm Sync="TRUE">ENABLED</stfldnm><stflddv Sync="TRUE">1</stflddv><stflddd><domname Sync="TRUE">EnabledDomain</domname><domdesc Sync="TRUE"></domdesc><domtype Sync="TRUE">Coded Value</domtype><mrgtype Sync="TRUE">Default value</mrgtype><splttype Sync="TRUE">Default value</splttype><domowner Sync="TRUE">GISDBA</domowner><domfldtp Sync="TRUE">SmallInteger</domfldtp></stflddd></stfield><stfield><stfldnm Sync="TRUE">STATUS</stfldnm><stflddd><domname Sync="TRUE">Network Status</domname><domdesc Sync="TRUE"></domdesc><domtype Sync="TRUE">Coded Value</domtype><mrgtype Sync="TRUE">Default value</mrgtype><splttype Sync="TRUE">Duplicate</splttype><domowner Sync="TRUE">GISDBA</domowner><domfldtp Sync="TRUE">String</domfldtp></stflddd></stfield><stfield><stfldnm Sync="TRUE">NOMINALDIAMETER</stfldnm><stflddd><domname Sync="TRUE">Pipe Size</domname><domdesc Sync="TRUE"></domdesc><domtype Sync="TRUE">Coded Value</domtype><mrgtype Sync="TRUE">Default value</mrgtype><splttype Sync="TRUE">Duplicate</splttype><domowner Sync="TRUE">GISDBA</domowner><domfldtp Sync="TRUE">String</domfldtp></stflddd></stfield><stfield><stfldnm Sync="TRUE">NOMINALDIAMETERUNITS</stfldnm><stflddv Sync="TRUE">MM</stflddv></stfield><stfield><stfldnm Sync="TRUE">MATERIAL</stfldnm><stflddd><domname Sync="TRUE">Pipe Material</domname><domdesc Sync="TRUE"></domdesc><domtype Sync="TRUE">Coded Value</domtype><mrgtype Sync="TRUE">Default value</mrgtype><splttype Sync="TRUE">Duplicate</splttype><domowner Sync="TRUE">GISDBA</domowner><domfldtp Sync="TRUE">String</domfldtp></stflddd></stfield><stfield><stfldnm Sync="TRUE">COATINGTYPE</stfldnm><stflddd><domname Sync="TRUE">Coating Type</domname><domdesc Sync="TRUE">Material Coating types</domdesc><domtype Sync="TRUE">Coded Value</domtype><mrgtype Sync="TRUE">Default value</mrgtype><splttype Sync="TRUE">Duplicate</splttype><domowner Sync="TRUE">GISDBA</domowner><domfldtp Sync="TRUE">String</domfldtp></stflddd></stfield><stfield><stfldnm Sync="TRUE">CPSYSTEMSTATUS</stfldnm><stflddv Sync="TRUE">1</stflddv><stflddd><domname Sync="TRUE">CP System Status</domname><domdesc Sync="TRUE"></domdesc><domtype Sync="TRUE">Coded Value</domtype><mrgtype Sync="TRUE">Default value</mrgtype><splttype Sync="TRUE">Duplicate</splttype><domowner Sync="TRUE">GISDBA</domowner><domfldtp Sync="TRUE">Integer</domfldtp></stflddd></stfield><stfield><stfldnm Sync="TRUE">ELECTRICSURVEYINDICATOR</stfldnm><stflddd><domname Sync="TRUE">Yes/No Indicator</domname><domdesc Sync="TRUE"></domdesc><domtype Sync="TRUE">Coded Value</domtype><mrgtype Sync="TRUE">Default value</mrgtype><splttype Sync="TRUE">Duplicate</splttype><domowner Sync="TRUE">GISDBA</domowner><domfldtp Sync="TRUE">String</domfldtp></stflddd></stfield><stfield><stfldnm Sync="TRUE">PIPESTATUSINDICATOR</stfldnm><stflddv Sync="TRUE">1</stflddv><stflddd><domname Sync="TRUE">Normal Position</domname><domdesc Sync="TRUE"></domdesc><domtype Sync="TRUE">Coded Value</domtype><mrgtype Sync="TRUE">Default value</mrgtype><splttype Sync="TRUE">Duplicate</splttype><domowner Sync="TRUE">GISDBA</domowner><domfldtp Sync="TRUE">Integer</domfldtp></stflddd></stfield><stfield><stfldnm Sync="TRUE">PIPETESTTYPE</stfldnm><stflddd><domname Sync="TRUE">Pipe Test Type</domname><domdesc Sync="TRUE"></domdesc><domtype Sync="TRUE">Coded Value</domtype><mrgtype Sync="TRUE">Default value</mrgtype><splttype Sync="TRUE">Duplicate</splttype><domowner Sync="TRUE">GISDBA</domowner><domfldtp Sync="TRUE">String</domfldtp></stflddd></stfield><stfield><stfldnm Sync="TRUE">PIPETYPE</stfldnm><stflddv Sync="TRUE">NP</stflddv><stflddd><domname Sync="TRUE">Pipe Type</domname><domdesc Sync="TRUE"></domdesc><domtype Sync="TRUE">Coded Value</domtype><mrgtype Sync="TRUE">Default value</mrgtype><splttype Sync="TRUE">Duplicate</splttype><domowner Sync="TRUE">GISDBA</domowner><domfldtp Sync="TRUE">String</domfldtp></stflddd></stfield><stfield><stfldnm Sync="TRUE">SOPRANGE</stfldnm><stflddd><domname Sync="TRUE">Gas Pipe SOP Range</domname><domdesc Sync="TRUE"></domdesc><domtype Sync="TRUE">Coded Value</domtype><mrgtype Sync="TRUE">Default value</mrgtype><splttype Sync="TRUE">Duplicate</splttype><domowner Sync="TRUE">GISDBA</domowner><domfldtp Sync="TRUE">String</domfldtp></stflddd></stfield><stfield><stfldnm Sync="TRUE">SOPUNITOFMEASURE</stfldnm><stflddd><domname Sync="TRUE">Length Source</domname><domdesc Sync="TRUE"></domdesc><domtype Sync="TRUE">Coded Value</domtype><mrgtype Sync="TRUE">Default value</mrgtype><splttype Sync="TRUE">Duplicate</splttype><domowner Sync="TRUE">gisdba</domowner><domfldtp Sync="TRUE">String</domfldtp></stflddd><stflddv Sync="TRUE">kPa</stflddv></stfield><stfield><stfldnm Sync="TRUE">MEASUREDLENGTH</stfldnm><stflddd><domname Sync="TRUE">Measured Length</domname><domdesc Sync="TRUE"></domdesc><domtype Sync="TRUE">Range</domtype><mrgtype Sync="TRUE">Sum values</mrgtype><splttype Sync="TRUE">Geometry ratio</splttype><domowner Sync="TRUE">GISDBA</domowner><domfldtp Sync="TRUE">Double</domfldtp></stflddd></stfield><stfield><stfldnm Sync="TRUE">LENGTHSOURCE</stfldnm><stflddd><domname Sync="TRUE">Length Source</domname><domdesc Sync="TRUE"></domdesc><domtype Sync="TRUE">Coded Value</domtype><mrgtype Sync="TRUE">Default value</mrgtype><splttype Sync="TRUE">Duplicate</splttype><domowner Sync="TRUE">GISDBA</domowner><domfldtp Sync="TRUE">String</domfldtp></stflddd><stflddv Sync="TRUE">MS</stflddv></stfield><stfield><stfldnm Sync="TRUE">MOAP</stfldnm><stflddv Sync="TRUE">1</stflddv><stflddd><domname Sync="TRUE">Gas Pipe MAOP</domname><domdesc Sync="TRUE"></domdesc><domtype Sync="TRUE">Coded Value</domtype><mrgtype Sync="TRUE">Default value</mrgtype><splttype Sync="TRUE">Duplicate</splttype><domowner Sync="TRUE">GISDBA</domowner><domfldtp Sync="TRUE">Integer</domfldtp></stflddd></stfield><stfield><stfldnm Sync="TRUE">GAS_TYPE</stfldnm><stflddd><domname Sync="TRUE">Gas Type</domname><domdesc Sync="TRUE">The gas running through the pipes</domdesc><domtype Sync="TRUE">Coded Value</domtype><mrgtype Sync="TRUE">Default value</mrgtype><splttype Sync="TRUE">Duplicate</splttype><domowner Sync="TRUE">GISDBA</domowner><domfldtp Sync="TRUE">String</domfldtp></stflddd></stfield><stfield><stfldnm Sync="TRUE">CMN_TRENCH_CD</stfldnm><stflddd><domname Sync="TRUE">Yes/No Indicator</domname><domdesc Sync="TRUE"></domdesc><domtype Sync="TRUE">Coded Value</domtype><mrgtype Sync="TRUE">Default value</mrgtype><splttype Sync="TRUE">Duplicate</splttype><domowner Sync="TRUE">GISDBA</domowner><domfldtp Sync="TRUE">String</domfldtp></stflddd></stfield><stfield><stfldnm Sync="TRUE">MAINTYPE</stfldnm><stflddd><domname Sync="TRUE">Relay Code</domname><domdesc Sync="TRUE">Similar to Common Trench Code</domdesc><domtype Sync="TRUE">Coded Value</domtype><mrgtype Sync="TRUE">Default value</mrgtype><splttype Sync="TRUE">Duplicate</splttype><domowner Sync="TRUE">gisdba</domowner><domfldtp Sync="TRUE">String</domfldtp></stflddd><stflddv Sync="TRUE">1</stflddv></stfield><stfield><stfldnm Sync="TRUE">CRITICALINDICATOR</stfldnm><stflddd><domname Sync="TRUE">Yes/No Indicator</domname><domdesc Sync="TRUE"></domdesc><domtype Sync="TRUE">Coded Value</domtype><mrgtype Sync="TRUE">Default value</mrgtype><splttype Sync="TRUE">Duplicate</splttype><domowner Sync="TRUE">GISDBA</domowner><domfldtp Sync="TRUE">String</domfldtp></stflddd></stfield><stfield><stfldnm Sync="TRUE">CROSSINGTYPE</stfldnm><stflddv Sync="TRUE">HP</stflddv><stflddd><domname Sync="TRUE">Pipe Crossing Type</domname><domdesc Sync="TRUE"></domdesc><domtype Sync="TRUE">Coded Value</domtype><mrgtype Sync="TRUE">Default value</mrgtype><splttype Sync="TRUE">Duplicate</splttype><domowner Sync="TRUE">GISDBA</domowner><domfldtp Sync="TRUE">String</domfldtp></stflddd></stfield><stfield><stfldnm Sync="TRUE">RELAY_CD</stfldnm><stflddd><domname Sync="TRUE">Relay Code</domname><domdesc Sync="TRUE">Similar to Common Trench Code</domdesc><domtype Sync="TRUE">Coded Value</domtype><mrgtype Sync="TRUE">Default value</mrgtype><splttype Sync="TRUE">Duplicate</splttype><domowner Sync="TRUE">GISDBA</domowner><domfldtp Sync="TRUE">String</domfldtp></stflddd></stfield><stfield><stfldnm Sync="TRUE">BONDEDINDICATOR</stfldnm><stflddd><domname Sync="TRUE">Yes/No Indicator</domname><domdesc Sync="TRUE"></domdesc><domtype Sync="TRUE">Coded Value</domtype><mrgtype Sync="TRUE">Default value</mrgtype><splttype Sync="TRUE">Duplicate</splttype><domowner Sync="TRUE">GISDBA</domowner><domfldtp Sync="TRUE">String</domfldtp></stflddd></stfield><stfield><stfldnm Sync="TRUE">DIST_LEVEL</stfldnm><stflddv Sync="TRUE">HP</stflddv><stflddd><domname Sync="TRUE">High Pressure Level</domname><domdesc Sync="TRUE"></domdesc><domtype Sync="TRUE">Coded Value</domtype><mrgtype Sync="TRUE">Default value</mrgtype><splttype Sync="TRUE">Duplicate</splttype><domowner Sync="TRUE">GISDBA</domowner><domfldtp Sync="TRUE">String</domfldtp></stflddd></stfield><stfield><stfldnm Sync="TRUE">ACTUAL_MATERIAL</stfldnm><stflddd><domname Sync="TRUE">ActualMaterial</domname><domdesc Sync="TRUE">PIPE_NAME</domdesc><domtype Sync="TRUE">Coded Value</domtype><mrgtype Sync="TRUE">Default value</mrgtype><splttype Sync="TRUE">Duplicate</splttype><domowner Sync="TRUE">GISDBA</domowner><domfldtp Sync="TRUE">SmallInteger</domfldtp></stflddd></stfield></subtype></detailed><detailed Name="GISDBA.DistMain_PipeCasing"><enttyp><enttypl Sync="TRUE">GISDBA.DistMain_PipeCasing</enttypl><enttypt Sync="TRUE">Relationship</enttypt></enttyp></detailed><detailed Name="GISDBA.DistMain_LeakReport"><enttyp><enttypl Sync="TRUE">GISDBA.DistMain_LeakReport</enttypl><enttypt Sync="TRUE">Relationship</enttypt></enttyp></detailed><detailed Name="GISDBA.DistMain_ElectricSurvey"><enttyp><enttypl Sync="TRUE">GISDBA.DistMain_ElectricSurvey</enttypl><enttypt Sync="TRUE">Relationship</enttypt></enttyp></detailed><detailed Name="GISDBA.DistMain_CrossingInspection"><enttyp><enttypl Sync="TRUE">GISDBA.DistMain_CrossingInspection</enttypl><enttypt Sync="TRUE">Relationship</enttypt></enttyp></detailed><detailed Name="GISDBA.Pipeline_Main"><enttyp><enttypl Sync="TRUE">GISDBA.Pipeline_Main</enttypl><enttypt Sync="TRUE">Relationship</enttypt></enttyp></detailed><detailed Name="GISDBA.CPSystem_DistMain"><enttyp><enttypl Sync="TRUE">GISDBA.CPSystem_DistMain</enttypl><enttypt Sync="TRUE">Relationship</enttypt></enttyp></detailed></eainfo><mdDateSt Sync="TRUE">20170104</mdDateSt><dataqual><posacc><horizpa><horizpar>+/- 0.05 due to hard copy recording of data and precission of tools used.</horizpar><qhorizpa><horizpav>+/- 0.05</horizpav><horizpae>Heads Up digitise</horizpae></qhorizpa></horizpa></posacc><lineage><srcinfo><srcscale>Various</srcscale><typesrc>Hard Copy</typesrc><srctime><timeinfo><sngdate><caldate>unknown</caldate><time>unknown</time></sngdate></timeinfo><srccurr>ground condition</srccurr></srctime></srcinfo></lineage></dataqual></metadata>
