<?xml version="1.0" encoding="UTF-8"?>
<metadata xml:lang="en"><Esri><CreaDate>20180822</CreaDate><CreaTime>16060800</CreaTime><SyncOnce>FALSE</SyncOnce><SyncDate>20090216</SyncDate><SyncTime>10554200</SyncTime><ModDate>20090216</ModDate><ModTime>10554200</ModTime><ArcGISFormat>1.0</ArcGISFormat><DataProperties><itemProps><itemLocation><linkage Sync="TRUE">Server=sde; Service=sde:oracle$sde:oracle11g:gintemp; User=gisdba; Version=SDE.DEFAULT</linkage><protocol Sync="TRUE">ArcSDE Connection</protocol></itemLocation></itemProps></DataProperties></Esri><idinfo><native Sync="TRUE">Microsoft Windows XP Version 5.1 (Build 2600) Service Pack 2; ESRI ArcCatalog 9.1.0.780</native><descript><langdata Sync="TRUE">en</langdata><abstract>Gate Station is the point to identify the Source of Gas</abstract><purpose>Gate Station points are the feature which identifies the Source of Gas, primary take off point from Transmission and distribution to High Pressure Mains.</purpose></descript><citation><citeinfo><origin>REQUIRED: The name of an organization or individual that developed the data set.</origin><pubdate>REQUIRED: The date when the data set is published or otherwise made available for release.</pubdate><title Sync="TRUE">GISDBA.GateStation</title><ftname Sync="TRUE">GISDBA.GateStation</ftname><geoform Sync="TRUE">vector digital data</geoform><onlink Sync="TRUE">Server=gnis-prd.wng.com.au; Service=5160; User=adennin; Version=SDE.DEFAULT</onlink></citeinfo></citation><timeperd><current>ground condition</current><timeinfo><sngdate><caldate>unknown</caldate></sngdate></timeinfo></timeperd><status><progress>In work</progress><update>Continually</update></status><spdom><bounding><westbc Sync="TRUE">114.483717</westbc><eastbc Sync="TRUE">126.337012</eastbc><northbc Sync="TRUE">-28.508763</northbc><southbc Sync="TRUE">-35.003135</southbc></bounding><lboundng><leftbc Sync="TRUE">270295.450000</leftbc><rightbc Sync="TRUE">1357042.260000</rightbc><bottombc Sync="TRUE">6126609.150000</bottombc><topbc Sync="TRUE">6815082.880000</topbc></lboundng></spdom><keywords><theme><themekt>Gate Station points are the take off points from Transmission of the Tanks used in LPG system to represent the Source of Gas.</themekt><themekey>Gate Station points are the source of Gas</themekey></theme></keywords><accconst>REQUIRED: Restrictions and legal prerequisites for accessing the data set.</accconst><useconst>REQUIRED: Restrictions and legal prerequisites for using the data set after access is granted.</useconst><natvform Sync="TRUE">SDE Feature Class</natvform></idinfo><dataIdInfo><envirDesc Sync="TRUE">Microsoft Windows XP Version 5.1 (Build 2600) Service Pack 2; ESRI ArcCatalog 9.1.0.780</envirDesc><dataLang><languageCode Sync="TRUE" value="en"></languageCode></dataLang><idCitation><resTitle Sync="TRUE">GISDBA.GateStation</resTitle><presForm><PresFormCd Sync="TRUE" value="005"></PresFormCd></presForm></idCitation><spatRpType><SpatRepTypCd Sync="TRUE" value="001"></SpatRepTypCd></spatRpType><dataExt><geoEle><GeoBndBox esriExtentType="native"><westBL Sync="TRUE">270295.45</westBL><eastBL Sync="TRUE">1357042.26</eastBL><northBL Sync="TRUE">6815082.88</northBL><southBL Sync="TRUE">6126609.15</southBL><exTypeCode Sync="TRUE">1</exTypeCode></GeoBndBox></geoEle></dataExt><geoBox esriExtentType="decdegrees"><westBL Sync="TRUE">114.483717</westBL><eastBL Sync="TRUE">126.337012</eastBL><northBL Sync="TRUE">-28.508763</northBL><southBL Sync="TRUE">-35.003135</southBL><exTypeCode Sync="TRUE">1</exTypeCode></geoBox></dataIdInfo><metainfo><langmeta Sync="TRUE">en</langmeta><metstdn Sync="TRUE">FGDC Content Standards for Digital Geospatial Metadata</metstdn><metstdv Sync="TRUE">FGDC-STD-001-1998</metstdv><mettc Sync="TRUE">local time</mettc><metc><cntinfo><cntorgp><cntper>REQUIRED: The person responsible for the metadata information.</cntper><cntorg>REQUIRED: The organization responsible for the metadata information.</cntorg></cntorgp><cntaddr><addrtype>REQUIRED: The mailing and/or physical address for the organization or individual.</addrtype><city>REQUIRED: The city of the address.</city><state>REQUIRED: The state or province of the address.</state><postal>REQUIRED: The ZIP or other postal code of the address.</postal></cntaddr><cntvoice>REQUIRED: The telephone number by which individuals can speak to the organization or individual.</cntvoice></cntinfo></metc><metd Sync="TRUE">20090216</metd><metextns><onlink Sync="TRUE">http://www.esri.com/metadata/esriprof80.html</onlink><metprof Sync="TRUE">ESRI Metadata Profile</metprof></metextns></metainfo><mdLang><languageCode Sync="TRUE" value="en"></languageCode></mdLang><mdStanName Sync="TRUE">ISO 19115 Geographic Information - Metadata</mdStanName><mdStanVer Sync="TRUE">DIS_ESRI1.0</mdStanVer><mdChar><CharSetCd Sync="TRUE" value="004"></CharSetCd></mdChar><mdHrLv><ScopeCd Sync="TRUE" value="005"></ScopeCd></mdHrLv><mdHrLvName Sync="TRUE">dataset</mdHrLvName><distinfo><resdesc Sync="TRUE">Downloadable Data</resdesc></distinfo><distInfo><distributor><distorTran><onLineSrc><orDesc Sync="TRUE">002</orDesc><linkage Sync="TRUE">Server=gnis-prd.wng.com.au; Service=5160; User=adennin; Version=SDE.DEFAULT</linkage><protocol Sync="TRUE">ArcSDE Connection</protocol></onLineSrc></distorTran><distorFormat><formatName Sync="TRUE">SDE Feature Class</formatName></distorFormat></distributor></distInfo><spdoinfo><direct Sync="TRUE">Vector</direct><ptvctinf><esriterm Name="GISDBA.GateStation"><efeatyp Sync="TRUE">Simple Junction</efeatyp><efeageom Sync="TRUE">Point</efeageom><esritopo Sync="TRUE">TRUE</esritopo><efeacnt Sync="TRUE">33</efeacnt><spindex Sync="TRUE">TRUE</spindex><linrefer Sync="TRUE">FALSE</linrefer><netwrole Sync="TRUE">Source Sink</netwrole></esriterm><sdtsterm Name="GISDBA.GateStation"><sdtstype Sync="TRUE">Entity point</sdtstype><ptvctcnt Sync="TRUE">33</ptvctcnt></sdtsterm></ptvctinf></spdoinfo><spref><horizsys><cordsysn><geogcsn Sync="TRUE">GCS_GDA_1994</geogcsn><projcsn Sync="TRUE">GDA_1994_MGA_Zone_50</projcsn></cordsysn><planar><planci><plance Sync="TRUE">coordinate pair</plance><plandu Sync="TRUE">meters</plandu><coordrep><absres Sync="TRUE">0.001000</absres><ordres Sync="TRUE">0.001000</ordres></coordrep></planci><mapproj><mapprojn Sync="TRUE">Transverse Mercator</mapprojn><transmer><sfctrmer Sync="TRUE">0.999600</sfctrmer><longcm Sync="TRUE">117.000000</longcm><latprjo Sync="TRUE">0.000000</latprjo><feast Sync="TRUE">500000.000000</feast><fnorth Sync="TRUE">10000000.000000</fnorth></transmer></mapproj></planar><geodetic><horizdn Sync="TRUE">D_GDA_1994</horizdn><ellips Sync="TRUE">Geodetic Reference System 80</ellips><semiaxis Sync="TRUE">6378137.000000</semiaxis><denflat Sync="TRUE">298.257222</denflat></geodetic></horizsys><vertdef><altsys><altenc Sync="TRUE">Explicit elevation coordinate included with horizontal coordinates</altenc><altres Sync="TRUE">1.000000</altres></altsys></vertdef></spref><refSysInfo><RefSystem><refSysID><identCode Sync="TRUE">GDA_1994_MGA_Zone_50</identCode></refSysID></RefSystem></refSysInfo><spatRepInfo><VectSpatRep><topLvl><TopoLevCd Sync="TRUE" value="002"></TopoLevCd></topLvl><geometObjs Name="GISDBA.GateStation"><geoObjTyp><GeoObjTypCd Sync="TRUE" value="004"></GeoObjTypCd></geoObjTyp><geoObjCnt Sync="TRUE">33</geoObjCnt></geometObjs></VectSpatRep></spatRepInfo><eainfo><detailed Name="GISDBA.GateStation"><enttyp><enttypl Sync="TRUE">GISDBA.GateStation</enttypl><enttypt Sync="TRUE">Feature Class</enttypt><enttypc Sync="TRUE">33</enttypc></enttyp><attr><attrlabl Sync="TRUE">OBJECTID</attrlabl><attalias Sync="TRUE">OBJECTID</attalias><attrtype Sync="TRUE">OID</attrtype><attwidth Sync="TRUE">4</attwidth><atprecis Sync="TRUE">10</atprecis><attscale Sync="TRUE">0</attscale><attrdef Sync="TRUE">Internal feature number.</attrdef><attrdefs Sync="TRUE">ESRI</attrdefs><attrdomv><udom Sync="TRUE">Sequential unique whole numbers that are automatically generated.</udom></attrdomv></attr><attr><attrlabl Sync="TRUE">ANCILLARYROLE</attrlabl><attalias Sync="TRUE">ANCILLARYROLE</attalias><attrtype Sync="TRUE">SmallInteger</attrtype><attwidth Sync="TRUE">2</attwidth><atprecis Sync="TRUE">4</atprecis><attscale Sync="TRUE">0</attscale></attr><attr><attrlabl Sync="TRUE">ENABLED</attrlabl><attalias Sync="TRUE">ENABLED</attalias><attrtype Sync="TRUE">SmallInteger</attrtype><attwidth Sync="TRUE">2</attwidth><atprecis Sync="TRUE">4</atprecis><attscale Sync="TRUE">0</attscale></attr><attr><attrlabl Sync="TRUE">CREATEUSERID</attrlabl><attalias Sync="TRUE">Create User</attalias><attrtype Sync="TRUE">String</attrtype><attwidth Sync="TRUE">20</attwidth><atprecis Sync="TRUE">0</atprecis><attscale Sync="TRUE">0</attscale></attr><attr><attrlabl Sync="TRUE">CREATEDATE</attrlabl><attalias Sync="TRUE">Create Date</attalias><attrtype Sync="TRUE">Date</attrtype><attwidth Sync="TRUE">36</attwidth><atprecis Sync="TRUE">0</atprecis><attscale Sync="TRUE">0</attscale></attr><attr><attrlabl Sync="TRUE">UPDATEUSERID</attrlabl><attalias Sync="TRUE">Update User</attalias><attrtype Sync="TRUE">String</attrtype><attwidth Sync="TRUE">20</attwidth><atprecis Sync="TRUE">0</atprecis><attscale Sync="TRUE">0</attscale></attr><attr><attrlabl Sync="TRUE">UPDATEDATE</attrlabl><attalias Sync="TRUE">Update Date</attalias><attrtype Sync="TRUE">Date</attrtype><attwidth Sync="TRUE">36</attwidth><atprecis Sync="TRUE">0</atprecis><attscale Sync="TRUE">0</attscale></attr><attr><attrlabl Sync="TRUE">LEGACYID</attrlabl><attalias Sync="TRUE">Legacy ID</attalias><attrtype Sync="TRUE">String</attrtype><attwidth Sync="TRUE">50</attwidth><atprecis Sync="TRUE">0</atprecis><attscale Sync="TRUE">0</attscale></attr><attr><attrlabl Sync="TRUE">INSTALLATIONDATE</attrlabl><attalias Sync="TRUE">Installation  Date</attalias><attrtype Sync="TRUE">Date</attrtype><attwidth Sync="TRUE">36</attwidth><atprecis Sync="TRUE">0</atprecis><attscale Sync="TRUE">0</attscale></attr><attr><attrlabl Sync="TRUE">FACILITYID</attrlabl><attalias Sync="TRUE">Facility ID</attalias><attrtype Sync="TRUE">String</attrtype><attwidth Sync="TRUE">20</attwidth><atprecis Sync="TRUE">0</atprecis><attscale Sync="TRUE">0</attscale></attr><attr><attrlabl Sync="TRUE">EQUIPMENTID</attrlabl><attalias Sync="TRUE">Equipment ID</attalias><attrtype Sync="TRUE">String</attrtype><attwidth Sync="TRUE">20</attwidth><atprecis Sync="TRUE">0</atprecis><attscale Sync="TRUE">0</attscale></attr><attr><attrlabl Sync="TRUE">OWNER</attrlabl><attalias Sync="TRUE">OWNER</attalias><attrtype Sync="TRUE">String</attrtype><attwidth Sync="TRUE">20</attwidth><atprecis Sync="TRUE">0</atprecis><attscale Sync="TRUE">0</attscale></attr><attr><attrlabl Sync="TRUE">COMMENTS</attrlabl><attalias Sync="TRUE">COMMENTS</attalias><attrtype Sync="TRUE">String</attrtype><attwidth Sync="TRUE">100</attwidth><atprecis Sync="TRUE">0</atprecis><attscale Sync="TRUE">0</attscale></attr><attr><attrlabl Sync="TRUE">WORKORDERID</attrlabl><attalias Sync="TRUE">Work Order ID</attalias><attrtype Sync="TRUE">String</attrtype><attwidth Sync="TRUE">20</attwidth><atprecis Sync="TRUE">0</atprecis><attscale Sync="TRUE">0</attscale></attr><attr><attrlabl Sync="TRUE">INSERVICEDATE</attrlabl><attalias Sync="TRUE">In Service Date</attalias><attrtype Sync="TRUE">Date</attrtype><attwidth Sync="TRUE">36</attwidth><atprecis Sync="TRUE">0</atprecis><attscale Sync="TRUE">0</attscale></attr><attr><attrlabl Sync="TRUE">PROJECTNUMBER</attrlabl><attalias Sync="TRUE">Project Number</attalias><attrtype Sync="TRUE">String</attrtype><attwidth Sync="TRUE">50</attwidth><atprecis Sync="TRUE">0</atprecis><attscale Sync="TRUE">0</attscale></attr><attr><attrlabl Sync="TRUE">PROPERTYUNITCODE</attrlabl><attalias Sync="TRUE">Property Unit Code</attalias><attrtype Sync="TRUE">String</attrtype><attwidth Sync="TRUE">20</attwidth><atprecis Sync="TRUE">0</atprecis><attscale Sync="TRUE">0</attscale></attr><attr><attrlabl Sync="TRUE">WORKMANAGEMENTSYSTEMCODE</attrlabl><attalias Sync="TRUE">Work Management System Code</attalias><attrtype Sync="TRUE">String</attrtype><attwidth Sync="TRUE">50</attwidth><atprecis Sync="TRUE">0</atprecis><attscale Sync="TRUE">0</attscale></attr><attr><attrlabl Sync="TRUE">GASTRACEWEIGHT</attrlabl><attalias Sync="TRUE">Gas Trace Weight</attalias><attrtype Sync="TRUE">Integer</attrtype><attwidth Sync="TRUE">4</attwidth><atprecis Sync="TRUE">10</atprecis><attscale Sync="TRUE">0</attscale></attr><attr><attrlabl Sync="TRUE">SYMBOLROTATION</attrlabl><attalias Sync="TRUE">Symbol Rotation</attalias><attrtype Sync="TRUE">Double</attrtype><attwidth Sync="TRUE">8</attwidth><atprecis Sync="TRUE">32</atprecis><attscale Sync="TRUE">2</attscale></attr><attr><attrlabl Sync="TRUE">TAG</attrlabl><attalias Sync="TRUE">TAG</attalias><attrtype Sync="TRUE">String</attrtype><attwidth Sync="TRUE">15</attwidth><atprecis Sync="TRUE">0</atprecis><attscale Sync="TRUE">0</attscale></attr><attr><attrlabl Sync="TRUE">NAME</attrlabl><attalias Sync="TRUE">NAME</attalias><attrtype Sync="TRUE">String</attrtype><attwidth Sync="TRUE">30</attwidth><atprecis Sync="TRUE">0</atprecis><attscale Sync="TRUE">0</attscale></attr><attr><attrlabl Sync="TRUE">MOPIN</attrlabl><attalias Sync="TRUE">Maximum Operating Pressure - In</attalias><attrtype Sync="TRUE">Double</attrtype><attwidth Sync="TRUE">8</attwidth><atprecis Sync="TRUE">32</atprecis><attscale Sync="TRUE">3</attscale></attr><attr><attrlabl Sync="TRUE">MOPOUT</attrlabl><attalias Sync="TRUE">Maximum Operating Pressure - Out</attalias><attrtype Sync="TRUE">Double</attrtype><attwidth Sync="TRUE">8</attwidth><atprecis Sync="TRUE">32</atprecis><attscale Sync="TRUE">3</attscale></attr><attr><attrlabl Sync="TRUE">SOPIN</attrlabl><attalias Sync="TRUE">System Operating Pressure - In</attalias><attrtype Sync="TRUE">Double</attrtype><attwidth Sync="TRUE">8</attwidth><atprecis Sync="TRUE">32</atprecis><attscale Sync="TRUE">3</attscale></attr><attr><attrlabl Sync="TRUE">SOPOUT</attrlabl><attalias Sync="TRUE">System Operating Pressure - Out</attalias><attrtype Sync="TRUE">Double</attrtype><attwidth Sync="TRUE">8</attwidth><atprecis Sync="TRUE">32</atprecis><attscale Sync="TRUE">3</attscale></attr><attr><attrlabl Sync="TRUE">OVERPRESSUREPROTECTIONTYPE</attrlabl><attalias Sync="TRUE">Over Pressure Protection Type</attalias><attrtype Sync="TRUE">String</attrtype><attwidth Sync="TRUE">5</attwidth><atprecis Sync="TRUE">0</atprecis><attscale Sync="TRUE">0</attscale></attr><attr><attrlabl Sync="TRUE">BYPASSINDICATOR</attrlabl><attalias Sync="TRUE">Bypass Indicator</attalias><attrtype Sync="TRUE">String</attrtype><attwidth Sync="TRUE">5</attwidth><atprecis Sync="TRUE">0</atprecis><attscale Sync="TRUE">0</attscale></attr><attr><attrlabl Sync="TRUE">DESIGNCAPACITYMCFH</attrlabl><attalias Sync="TRUE">Design Capacity - MCFH</attalias><attrtype Sync="TRUE">String</attrtype><attwidth Sync="TRUE">20</attwidth><atprecis Sync="TRUE">0</atprecis><attscale Sync="TRUE">0</attscale></attr><attr><attrlabl Sync="TRUE">EMERISOLATIONSYSSTATUS</attrlabl><attalias Sync="TRUE">Emergency Isolation System Status</attalias><attrtype Sync="TRUE">String</attrtype><attwidth Sync="TRUE">20</attwidth><atprecis Sync="TRUE">0</atprecis><attscale Sync="TRUE">0</attscale></attr><attr><attrlabl Sync="TRUE">GASPRESSURESYSTEMSTATUS</attrlabl><attalias Sync="TRUE">Gas Pressure System Status</attalias><attrtype Sync="TRUE">String</attrtype><attwidth Sync="TRUE">20</attwidth><atprecis Sync="TRUE">0</atprecis><attscale Sync="TRUE">0</attscale></attr><attr><attrlabl Sync="TRUE">GASSYSTEMSTATUS</attrlabl><attalias Sync="TRUE">Gas System Status</attalias><attrtype Sync="TRUE">String</attrtype><attwidth Sync="TRUE">20</attwidth><atprecis Sync="TRUE">0</atprecis><attscale Sync="TRUE">0</attscale></attr><attr><attrlabl Sync="TRUE">INSULATEDINDICATOR</attrlabl><attalias Sync="TRUE">Insulated Indicator</attalias><attrtype Sync="TRUE">String</attrtype><attwidth Sync="TRUE">5</attwidth><atprecis Sync="TRUE">0</atprecis><attscale Sync="TRUE">0</attscale></attr><attr><attrlabl Sync="TRUE">LOCATIONDESCRIPTION</attrlabl><attalias Sync="TRUE">Location Description</attalias><attrtype Sync="TRUE">String</attrtype><attwidth Sync="TRUE">50</attwidth><atprecis Sync="TRUE">0</atprecis><attscale Sync="TRUE">0</attscale></attr><attr><attrlabl Sync="TRUE">PIPEDIAMETER</attrlabl><attalias Sync="TRUE">Pipe Diameter</attalias><attrtype Sync="TRUE">String</attrtype><attwidth Sync="TRUE">5</attwidth><atprecis Sync="TRUE">0</atprecis><attscale Sync="TRUE">0</attscale></attr><attr><attrlabl Sync="TRUE">EMERISOLATIONSYSOBJECTID</attrlabl><attalias Sync="TRUE">Emergency Isolation System Low ObjectID</attalias><attrtype Sync="TRUE">Integer</attrtype><attwidth Sync="TRUE">4</attwidth><atprecis Sync="TRUE">10</atprecis><attscale Sync="TRUE">0</attscale></attr><attr><attrlabl Sync="TRUE">GASPRESSURESYSTEMOBJECTID</attrlabl><attalias Sync="TRUE">Gas Pressure System Low ObjectID</attalias><attrtype Sync="TRUE">Integer</attrtype><attwidth Sync="TRUE">4</attwidth><atprecis Sync="TRUE">10</atprecis><attscale Sync="TRUE">0</attscale></attr><attr><attrlabl Sync="TRUE">GASSYSTEMOBJECTID</attrlabl><attalias Sync="TRUE">Gas System Low ObjectID</attalias><attrtype Sync="TRUE">Integer</attrtype><attwidth Sync="TRUE">4</attwidth><atprecis Sync="TRUE">10</atprecis><attscale Sync="TRUE">0</attscale></attr><attr><attrlabl Sync="TRUE">GASTYPE</attrlabl><attalias Sync="TRUE">Gas Type</attalias><attrtype Sync="TRUE">String</attrtype><attwidth Sync="TRUE">4</attwidth><atprecis Sync="TRUE">0</atprecis><attscale Sync="TRUE">0</attscale></attr><attr><attrlabl Sync="TRUE">JOB_CODE</attrlabl><attalias Sync="TRUE">Job Code</attalias><attrtype Sync="TRUE">String</attrtype><attwidth Sync="TRUE">10</attwidth><atprecis Sync="TRUE">0</atprecis><attscale Sync="TRUE">0</attscale></attr><attr><attrlabl Sync="TRUE">GATESTATIONTYPE</attrlabl><attalias Sync="TRUE">Gate Station Type</attalias><attrtype Sync="TRUE">Integer</attrtype><attwidth Sync="TRUE">4</attwidth><atprecis Sync="TRUE">10</atprecis><attscale Sync="TRUE">0</attscale></attr><attr><attrlabl Sync="TRUE">PIPELINEOPERATORNUMBER</attrlabl><attalias Sync="TRUE">Pipeline Operator Number</attalias><attrtype Sync="TRUE">String</attrtype><attwidth Sync="TRUE">20</attwidth><atprecis Sync="TRUE">0</atprecis><attscale Sync="TRUE">0</attscale></attr><attr><attrlabl Sync="TRUE">SUPPLIER</attrlabl><attalias Sync="TRUE">SUPPLIER</attalias><attrtype Sync="TRUE">String</attrtype><attwidth Sync="TRUE">20</attwidth><atprecis Sync="TRUE">0</atprecis><attscale Sync="TRUE">0</attscale></attr><attr><attrlabl Sync="TRUE">OUT_DLEVEL</attrlabl><attalias Sync="TRUE">Level Out</attalias><attrtype Sync="TRUE">String</attrtype><attwidth Sync="TRUE">4</attwidth><atprecis Sync="TRUE">0</atprecis><attscale Sync="TRUE">0</attscale></attr><attr><attrlabl Sync="TRUE">SHAPE</attrlabl><attalias Sync="TRUE">Shape</attalias><attrtype Sync="TRUE">Geometry</attrtype><attwidth Sync="TRUE">4</attwidth><atprecis Sync="TRUE">0</atprecis><attscale Sync="TRUE">0</attscale><attrdef Sync="TRUE">Feature geometry.</attrdef><attrdefs Sync="TRUE">ESRI</attrdefs><attrdomv><udom Sync="TRUE">Coordinates defining the features.</udom></attrdomv></attr><subtype><stname Sync="TRUE">Gate Station</stname><stcode Sync="TRUE">1</stcode><stfield><stfldnm Sync="TRUE">ANCILLARYROLE</stfldnm><stflddv Sync="TRUE">0</stflddv><stflddd><domname Sync="TRUE">AncillaryRoleDomain</domname><domdesc Sync="TRUE"></domdesc><domtype Sync="TRUE">Coded Value</domtype><mrgtype Sync="TRUE">Default value</mrgtype><splttype Sync="TRUE">Default value</splttype><domowner Sync="TRUE">gisdba</domowner><domfldtp Sync="TRUE">SmallInteger</domfldtp></stflddd></stfield><stfield><stfldnm Sync="TRUE">ENABLED</stfldnm><stflddv Sync="TRUE">1</stflddv><stflddd><domname Sync="TRUE">EnabledDomain</domname><domdesc Sync="TRUE"></domdesc><domtype Sync="TRUE">Coded Value</domtype><mrgtype Sync="TRUE">Default value</mrgtype><splttype Sync="TRUE">Default value</splttype><domowner Sync="TRUE">gisdba</domowner><domfldtp Sync="TRUE">SmallInteger</domfldtp></stflddd></stfield><stfield><stfldnm Sync="TRUE">SYMBOLROTATION</stfldnm><stflddv Sync="TRUE">0</stflddv></stfield><stfield><stfldnm Sync="TRUE">OVERPRESSUREPROTECTIONTYPE</stfldnm><stflddd><domname Sync="TRUE">Over Pressure Protection Type</domname><domdesc Sync="TRUE"></domdesc><domtype Sync="TRUE">Coded Value</domtype><mrgtype Sync="TRUE">Default value</mrgtype><splttype Sync="TRUE">Duplicate</splttype><domowner Sync="TRUE">gisdba</domowner><domfldtp Sync="TRUE">String</domfldtp></stflddd></stfield><stfield><stfldnm Sync="TRUE">BYPASSINDICATOR</stfldnm><stflddd><domname Sync="TRUE">Yes/No Indicator</domname><domdesc Sync="TRUE"></domdesc><domtype Sync="TRUE">Coded Value</domtype><mrgtype Sync="TRUE">Default value</mrgtype><splttype Sync="TRUE">Duplicate</splttype><domowner Sync="TRUE">gisdba</domowner><domfldtp Sync="TRUE">String</domfldtp></stflddd></stfield><stfield><stfldnm Sync="TRUE">INSULATEDINDICATOR</stfldnm><stflddd><domname Sync="TRUE">Yes/No Indicator</domname><domdesc Sync="TRUE"></domdesc><domtype Sync="TRUE">Coded Value</domtype><mrgtype Sync="TRUE">Default value</mrgtype><splttype Sync="TRUE">Duplicate</splttype><domowner Sync="TRUE">gisdba</domowner><domfldtp Sync="TRUE">String</domfldtp></stflddd></stfield><stfield><stfldnm Sync="TRUE">PIPEDIAMETER</stfldnm><stflddd><domname Sync="TRUE">Pipe Size</domname><domdesc Sync="TRUE"></domdesc><domtype Sync="TRUE">Coded Value</domtype><mrgtype Sync="TRUE">Default value</mrgtype><splttype Sync="TRUE">Duplicate</splttype><domowner Sync="TRUE">gisdba</domowner><domfldtp Sync="TRUE">String</domfldtp></stflddd></stfield><stfield><stfldnm Sync="TRUE">GASTYPE</stfldnm><stflddd><domname Sync="TRUE">Gas Type</domname><domdesc Sync="TRUE"></domdesc><domtype Sync="TRUE">Coded Value</domtype><mrgtype Sync="TRUE">Default value</mrgtype><splttype Sync="TRUE">Duplicate</splttype><domowner Sync="TRUE">gisdba</domowner><domfldtp Sync="TRUE">String</domfldtp></stflddd></stfield><stfield><stfldnm Sync="TRUE">GATESTATIONTYPE</stfldnm><stflddv Sync="TRUE">1</stflddv></stfield><stfield><stfldnm Sync="TRUE">SUPPLIER</stfldnm><stflddd><domname Sync="TRUE">GST Owner</domname><domdesc Sync="TRUE"></domdesc><domtype Sync="TRUE">Coded Value</domtype><mrgtype Sync="TRUE">Default value</mrgtype><splttype Sync="TRUE">Duplicate</splttype><domowner Sync="TRUE">gisdba</domowner><domfldtp Sync="TRUE">String</domfldtp></stflddd></stfield><stfield><stfldnm Sync="TRUE">OUT_DLEVEL</stfldnm><stflddd><domname Sync="TRUE">GST Out DLevel</domname><domdesc Sync="TRUE"></domdesc><domtype Sync="TRUE">Coded Value</domtype><mrgtype Sync="TRUE">Default value</mrgtype><splttype Sync="TRUE">Duplicate</splttype><domowner Sync="TRUE">gisdba</domowner><domfldtp Sync="TRUE">String</domfldtp></stflddd></stfield></subtype><subtype><stname Sync="TRUE">LPG Tank</stname><stcode Sync="TRUE">2</stcode><stfield><stfldnm Sync="TRUE">ANCILLARYROLE</stfldnm><stflddv Sync="TRUE">0</stflddv><stflddd><domname Sync="TRUE">AncillaryRoleDomain</domname><domdesc Sync="TRUE"></domdesc><domtype Sync="TRUE">Coded Value</domtype><mrgtype Sync="TRUE">Default value</mrgtype><splttype Sync="TRUE">Default value</splttype><domowner Sync="TRUE">gisdba</domowner><domfldtp Sync="TRUE">SmallInteger</domfldtp></stflddd></stfield><stfield><stfldnm Sync="TRUE">ENABLED</stfldnm><stflddv Sync="TRUE">1</stflddv><stflddd><domname Sync="TRUE">EnabledDomain</domname><domdesc Sync="TRUE"></domdesc><domtype Sync="TRUE">Coded Value</domtype><mrgtype Sync="TRUE">Default value</mrgtype><splttype Sync="TRUE">Default value</splttype><domowner Sync="TRUE">gisdba</domowner><domfldtp Sync="TRUE">SmallInteger</domfldtp></stflddd></stfield><stfield><stfldnm Sync="TRUE">SYMBOLROTATION</stfldnm><stflddv Sync="TRUE">0</stflddv></stfield><stfield><stfldnm Sync="TRUE">OVERPRESSUREPROTECTIONTYPE</stfldnm><stflddd><domname Sync="TRUE">Over Pressure Protection Type</domname><domdesc Sync="TRUE"></domdesc><domtype Sync="TRUE">Coded Value</domtype><mrgtype Sync="TRUE">Default value</mrgtype><splttype Sync="TRUE">Duplicate</splttype><domowner Sync="TRUE">gisdba</domowner><domfldtp Sync="TRUE">String</domfldtp></stflddd></stfield><stfield><stfldnm Sync="TRUE">BYPASSINDICATOR</stfldnm><stflddd><domname Sync="TRUE">Yes/No Indicator</domname><domdesc Sync="TRUE"></domdesc><domtype Sync="TRUE">Coded Value</domtype><mrgtype Sync="TRUE">Default value</mrgtype><splttype Sync="TRUE">Duplicate</splttype><domowner Sync="TRUE">gisdba</domowner><domfldtp Sync="TRUE">String</domfldtp></stflddd></stfield><stfield><stfldnm Sync="TRUE">INSULATEDINDICATOR</stfldnm><stflddd><domname Sync="TRUE">Yes/No Indicator</domname><domdesc Sync="TRUE"></domdesc><domtype Sync="TRUE">Coded Value</domtype><mrgtype Sync="TRUE">Default value</mrgtype><splttype Sync="TRUE">Duplicate</splttype><domowner Sync="TRUE">gisdba</domowner><domfldtp Sync="TRUE">String</domfldtp></stflddd></stfield><stfield><stfldnm Sync="TRUE">PIPEDIAMETER</stfldnm><stflddd><domname Sync="TRUE">Pipe Size</domname><domdesc Sync="TRUE"></domdesc><domtype Sync="TRUE">Coded Value</domtype><mrgtype Sync="TRUE">Default value</mrgtype><splttype Sync="TRUE">Duplicate</splttype><domowner Sync="TRUE">gisdba</domowner><domfldtp Sync="TRUE">String</domfldtp></stflddd></stfield><stfield><stfldnm Sync="TRUE">GASTYPE</stfldnm><stflddd><domname Sync="TRUE">Gas Type</domname><domdesc Sync="TRUE"></domdesc><domtype Sync="TRUE">Coded Value</domtype><mrgtype Sync="TRUE">Default value</mrgtype><splttype Sync="TRUE">Duplicate</splttype><domowner Sync="TRUE">gisdba</domowner><domfldtp Sync="TRUE">String</domfldtp></stflddd></stfield><stfield><stfldnm Sync="TRUE">GATESTATIONTYPE</stfldnm><stflddv Sync="TRUE">2</stflddv></stfield><stfield><stfldnm Sync="TRUE">SUPPLIER</stfldnm><stflddd><domname Sync="TRUE">GST Owner</domname><domdesc Sync="TRUE"></domdesc><domtype Sync="TRUE">Coded Value</domtype><mrgtype Sync="TRUE">Default value</mrgtype><splttype Sync="TRUE">Duplicate</splttype><domowner Sync="TRUE">gisdba</domowner><domfldtp Sync="TRUE">String</domfldtp></stflddd></stfield><stfield><stfldnm Sync="TRUE">OUT_DLEVEL</stfldnm><stflddd><domname Sync="TRUE">GST Out DLevel</domname><domdesc Sync="TRUE"></domdesc><domtype Sync="TRUE">Coded Value</domtype><mrgtype Sync="TRUE">Default value</mrgtype><splttype Sync="TRUE">Duplicate</splttype><domowner Sync="TRUE">gisdba</domowner><domfldtp Sync="TRUE">String</domfldtp></stflddd></stfield></subtype></detailed><detailed Name="GISDBA.TBS_Vault"><enttyp><enttypl Sync="TRUE">GISDBA.TBS_Vault</enttypl><enttypt Sync="TRUE">Relationship</enttypt></enttyp></detailed><detailed Name="GISDBA.TBS_StationStructure"><enttyp><enttypl Sync="TRUE">GISDBA.TBS_StationStructure</enttypl><enttypt Sync="TRUE">Relationship</enttypt></enttyp></detailed><detailed Name="GISDBA.TBS_Meter"><enttyp><enttypl Sync="TRUE">GISDBA.TBS_Meter</enttypl><enttypt Sync="TRUE">Relationship</enttypt></enttyp></detailed><detailed Name="GISDBA.GateStation_ImagePath"><enttyp><enttypl Sync="TRUE">GISDBA.GateStation_ImagePath</enttypl><enttypt Sync="TRUE">Relationship</enttypt></enttyp></detailed><detailed Name="GISDBA.TBS_Regulator"><enttyp><enttypl Sync="TRUE">GISDBA.TBS_Regulator</enttypl><enttypt Sync="TRUE">Relationship</enttypt></enttyp></detailed></eainfo><mdDateSt Sync="TRUE">20090216</mdDateSt></metadata>
